rank,n_features,features,auc_mean,auc_std,auc_ci_lo,auc_ci_hi,auc_median,max_abs_spearman,max_vif,passes_corr_vif,n_repeats,admissible_rank
1,4,v_acf_step_stride_symmetry_iqr|v_stride_freq_hz_median|ap_spec_entropy_iqr|v_jerk_rms_iqr,0.8785161290322582,0.008854675640279704,0.8583669354838709,0.8911290322580646,0.879032258064516,0.7720657276995305,1.9321603469347306,True,100,1
2,3,v_acf_step_stride_symmetry_iqr|ap_spec_entropy_iqr|v_jerk_rms_iqr,0.8784112903225805,0.007197490799278233,0.86125,0.8895564516129032,0.8794354838709677,0.7720657276995305,1.9238973407761846,True,100,2
3,4,v_acf_step_stride_symmetry_iqr|ap_acf_step_stride_symmetry_iqr|ap_spec_entropy_iqr|v_jerk_rms_iqr,0.8776290322580644,0.008565890709683263,0.8556451612903225,0.8907459677419355,0.8782258064516129,0.8881623071763917,14.612868677717367,False,100,
4,3,v_acf_step_stride_symmetry_iqr|v_stride_freq_hz_median|v_jerk_rms_iqr,0.8765403225806452,0.00962507225388653,0.851108870967742,0.8907459677419356,0.8778225806451614,0.501010341125064,1.4113708355186032,True,100,3
5,4,v_acf_step_stride_symmetry_iqr|v_stride_freq_hz_median|v_jerk_rms_median|v_jerk_rms_iqr,0.8765161290322581,0.00955395335893934,0.8531854838709677,0.8911290322580645,0.8782258064516129,0.6756203890006707,2.288084833416556,True,100,4
6,2,v_acf_step_stride_symmetry_iqr|v_jerk_rms_iqr,0.8763709677419353,0.007637350912370171,0.858366935483871,0.8870967741935484,0.8774193548387097,0.0420523138832998,1.0021016700093826,True,100,5
7,3,ap_spec_entropy_iqr|v_jerk_rms_median|v_jerk_rms_iqr,0.8761129032258063,0.00814458459933696,0.8567943548387097,0.8883266129032259,0.8774193548387097,0.6756203890006707,3.219579018778704,True,100,6
8,3,v_acf_step_stride_symmetry_iqr|v_jerk_rms_median|v_jerk_rms_iqr,0.8734354838709677,0.007754568410372441,0.8527217741935483,0.8842943548387097,0.875,0.6756203890006707,2.174207607399137,True,100,7
9,4,v_acf_step_stride_symmetry_iqr|ap_spec_entropy_iqr|v_jerk_rms_median|v_jerk_rms_iqr,0.8732419354838712,0.008314297306751971,0.8548387096774193,0.885483870967742,0.8741935483870968,0.7720657276995305,3.466150650428838,True,100,8
10,4,v_stride_freq_hz_median|ap_spec_entropy_iqr|v_jerk_rms_median|v_jerk_rms_iqr,0.8732258064516129,0.009749783748556217,0.8544153225806451,0.8883266129032258,0.875,0.6756203890006707,3.5146432486849584,True,100,9
11,4,v_acf_step_stride_symmetry_iqr|ap_spec_entropy_median|ap_spec_entropy_iqr|v_jerk_rms_iqr,0.8725483870967742,0.007701097898264026,0.8544153225806451,0.8838709677419355,0.8725806451612903,0.7720657276995305,2.1075862074840805,True,100,10
12,3,v_acf_step_stride_symmetry_iqr|ap_acf_step_stride_symmetry_iqr|v_jerk_rms_iqr,0.8725403225806453,0.009534057452401459,0.8454233870967742,0.8859072580645162,0.8733870967741937,0.8581824279007377,13.122171607055172,False,100,
13,4,v_acf_step_stride_symmetry_iqr|ap_acf_step_stride_symmetry_iqr|v_stride_freq_hz_median|v_jerk_rms_iqr,0.8722903225806451,0.010694810017445013,0.8439314516129032,0.8871370967741935,0.8741935483870967,0.8581824279007377,13.401545082281805,False,100,
14,4,ap_acf_step_stride_symmetry_iqr|ap_spec_entropy_iqr|v_jerk_rms_median|v_jerk_rms_iqr,0.8714919354838709,0.00844365766072717,0.8494959677419355,0.8822580645161291,0.8733870967741936,0.8881623071763917,3.363220884935415,False,100,
15,2,v_jerk_rms_median|v_jerk_rms_iqr,0.8713870967741935,0.007756821520148547,0.8523790322580644,0.8834879032258065,0.8725806451612904,0.6756203890006707,1.3694882604582634,True,100,11
16,4,ap_spec_entropy_median|ap_spec_entropy_iqr|v_jerk_rms_median|v_jerk_rms_iqr,0.8710080645161291,0.008426523834550266,0.8531451612903226,0.8842943548387098,0.8725806451612903,0.6756203890006707,3.291425196060925,True,100,12
17,4,v_acf_step_stride_symmetry_iqr|ap_acf_step_stride_symmetry_iqr|v_jerk_rms_median|v_jerk_rms_iqr,0.8704516129032259,0.008957940310402628,0.8485685483870967,0.8814516129032258,0.8725806451612903,0.8581824279007377,13.482572510633553,False,100,
18,3,v_acf_step_stride_symmetry_iqr|ap_spec_entropy_median|v_jerk_rms_iqr,0.8704032258064517,0.008494948457603731,0.8527620967741936,0.8822580645161291,0.871774193548387,0.5548960429242119,1.6374014880335614,True,100,13
19,3,ap_acf_step_stride_symmetry_iqr|v_jerk_rms_median|v_jerk_rms_iqr,0.8702499999999997,0.010230409176980242,0.8466532258064516,0.8839112903225806,0.8709677419354839,0.6756203890006707,2.0939649508254194,True,100,14
20,4,ap_acf_step_stride_symmetry_median|ap_spec_entropy_iqr|v_jerk_rms_median|v_jerk_rms_iqr,0.8701532258064516,0.009546534670777214,0.8499596774193547,0.8838709677419355,0.8721774193548386,0.6756203890006707,3.2528542809847245,True,100,15
21,4,v_acf_step_stride_symmetry_iqr|ap_acf_step_stride_symmetry_median|ap_spec_entropy_iqr|v_jerk_rms_iqr,0.8701290322580644,0.009616075805905342,0.8470766129032258,0.8846774193548387,0.8721774193548386,0.7720657276995305,3.615898658558431,True,100,16
22,3,v_acf_step_stride_symmetry_iqr|ap_acf_step_stride_symmetry_median|v_jerk_rms_iqr,0.8699274193548386,0.008746268760421633,0.8519153225806451,0.8826814516129032,0.8701612903225807,0.21264252179745138,2.3444645117293574,True,100,17
23,2,ap_spec_entropy_iqr|v_jerk_rms_iqr,0.8696612903225808,0.007186461184473365,0.8540322580645162,0.8810685483870968,0.8709677419354839,0.1790744466800805,1.177011082136444,True,100,18
24,4,v_acf_step_stride_symmetry_iqr|ap_acf_step_stride_symmetry_median|v_stride_freq_hz_median|v_jerk_rms_iqr,0.8696209677419355,0.010693910096711086,0.8437701612903227,0.8875604838709676,0.8713709677419355,0.501010341125064,2.53367478117633,True,100,19
25,3,ap_spec_entropy_median|v_jerk_rms_median|v_jerk_rms_iqr,0.8693870967741933,0.008961899543455377,0.847883064516129,0.8835282258064515,0.8709677419354839,0.6756203890006707,1.8446536266308473,True,100,20
26,4,v_acf_step_stride_symmetry_iqr|v_stride_freq_hz_median|ap_spec_entropy_median|v_jerk_rms_iqr,0.8690725806451611,0.009531990111898512,0.8471169354838709,0.8851008064516129,0.8701612903225806,0.5548960429242119,1.8750322685856606,True,100,21
27,3,v_stride_freq_hz_iqr|ap_spec_entropy_iqr|v_jerk_rms_iqr,0.8688709677419354,0.01273720168943343,0.843508064516129,0.8863306451612902,0.8709677419354839,0.6821878302070676,1.6993504180961716,True,100,22
28,4,v_acf_step_stride_symmetry_iqr|ap_spec_entropy_median|v_jerk_rms_median|v_jerk_rms_iqr,0.8685241935483872,0.008528101834581801,0.8475,0.8810685483870968,0.8701612903225806,0.6756203890006707,2.2788225005882716,True,100,23
29,4,ap_acf_step_stride_symmetry_iqr|v_stride_freq_hz_median|v_jerk_rms_median|v_jerk_rms_iqr,0.8684919354838709,0.011022551389220765,0.843508064516129,0.8834879032258064,0.8693548387096774,0.6756203890006707,2.234880598983321,True,100,24
30,4,v_stride_freq_hz_iqr|ap_spec_entropy_iqr|v_jerk_rms_median|v_jerk_rms_iqr,0.8683306451612904,0.011145002849375923,0.8455040322580645,0.881875,0.8701612903225806,0.6821878302070676,3.6488731239006937,True,100,25
31,4,v_acf_step_stride_symmetry_iqr|v_stride_freq_hz_iqr|ap_spec_entropy_iqr|v_jerk_rms_iqr,0.8682419354838707,0.012212587779251638,0.846774193548387,0.8842943548387097,0.869758064516129,0.780311541215345,7.117584043539573,False,100,
32,4,v_acf_step_stride_symmetry_iqr|ap_acf_step_stride_symmetry_median|v_jerk_rms_median|v_jerk_rms_iqr,0.8681209677419355,0.009140830685963266,0.8483870967741935,0.8814516129032258,0.8689516129032259,0.6756203890006707,3.849582127232119,True,100,26
33,3,ap_acf_step_stride_symmetry_median|v_jerk_rms_median|v_jerk_rms_iqr,0.8669596774193549,0.00885981926319438,0.8487701612903225,0.8806451612903227,0.8685483870967742,0.6756203890006707,1.481569856768394,True,100,27
34,3,v_stride_freq_hz_median|v_jerk_rms_median|v_jerk_rms_iqr,0.8667983870967743,0.009669307314738567,0.8451209677419355,0.8826814516129032,0.8685483870967742,0.6756203890006707,1.6341708466392455,True,100,28
35,4,v_acf_step_stride_symmetry_iqr|ap_acf_step_stride_symmetry_iqr|ap_spec_entropy_median|v_jerk_rms_iqr,0.866725806451613,0.009499712466211108,0.8410080645161291,0.8790322580645162,0.8689516129032258,0.8581824279007377,15.749977618258342,False,100,
36,4,v_stride_freq_hz_median|ap_spec_entropy_median|v_jerk_rms_median|v_jerk_rms_iqr,0.8664112903225808,0.010562451450944999,0.843508064516129,0.8826814516129032,0.867741935483871,0.6756203890006707,1.9208655007047584,True,100,29
37,4,v_acf_step_stride_symmetry_median|v_acf_step_stride_symmetry_iqr|v_stride_freq_hz_median|v_jerk_rms_iqr,0.8663145161290322,0.016294304347087018,0.8233064516129032,0.8883669354838709,0.8697580645161291,0.501010341125064,2.5747472445281274,True,100,30
38,4,v_acf_step_stride_symmetry_iqr|ap_acf_step_stride_symmetry_median|ap_spec_entropy_median|v_jerk_rms_iqr,0.8658548387096775,0.009690457709619927,0.8450403225806452,0.8794556451612904,0.8673387096774192,0.7517102615694164,2.8527989200739765,True,100,31
39,3,v_acf_step_stride_symmetry_median|v_acf_step_stride_symmetry_iqr|v_jerk_rms_iqr,0.8658548387096774,0.014924569553551661,0.8286088709677419,0.8863306451612903,0.8689516129032259,0.30546613011401746,1.965617944322536,True,100,32
40,4,v_acf_step_stride_symmetry_iqr|ap_acf_step_stride_symmetry_median|ap_acf_step_stride_symmetry_iqr|v_jerk_rms_iqr,0.8657096774193549,0.010657249966309635,0.8425806451612903,0.8794556451612903,0.867741935483871,0.8581824279007377,16.76829959523188,False,100,
41,3,ap_acf_step_stride_symmetry_iqr|ap_spec_entropy_iqr|v_jerk_rms_iqr,0.8654919354838709,0.008006712850941388,0.8474999999999999,0.878266129032258,0.8669354838709677,0.8881623071763917,2.1251582872712627,False,100,
42,4,ap_acf_step_stride_symmetry_iqr|ap_spec_entropy_median|v_jerk_rms_median|v_jerk_rms_iqr,0.8651451612903227,0.010673326386462,0.8386693548387096,0.882258064516129,0.8661290322580646,0.6756203890006707,2.206691799630767,True,100,33
43,4,v_acf_step_stride_symmetry_iqr|v_stride_freq_hz_iqr|v_jerk_rms_median|v_jerk_rms_iqr,0.8650806451612906,0.011863172937054233,0.83375,0.8798387096774193,0.8669354838709677,0.780311541215345,6.563469475022416,False,100,
44,4,ap_acf_step_stride_symmetry_iqr|v_stride_freq_hz_iqr|ap_spec_entropy_iqr|v_jerk_rms_iqr,0.8648548387096774,0.013552895726093231,0.8390927419354839,0.8842943548387097,0.8681451612903226,0.8881623071763917,7.583186443202711,False,100,
45,4,ap_acf_step_stride_symmetry_median|ap_spec_entropy_median|v_jerk_rms_median|v_jerk_rms_iqr,0.8641935483870966,0.009906196651982939,0.8425806451612903,0.8803024193548387,0.8649193548387097,0.7517102615694164,2.401137870320888,True,100,34
46,4,v_acf_step_stride_symmetry_median|v_acf_step_stride_symmetry_iqr|ap_spec_entropy_iqr|v_jerk_rms_iqr,0.8640000000000001,0.013323298181777488,0.8342540322580645,0.8826814516129032,0.8669354838709677,0.7720657276995305,3.1285289241900074,True,100,35
47,4,v_acf_step_stride_symmetry_median|v_acf_step_stride_symmetry_iqr|v_jerk_rms_median|v_jerk_rms_iqr,0.863983870967742,0.013290567353103487,0.8293346774193548,0.8810685483870968,0.8669354838709677,0.6756203890006707,3.169212063796731,True,100,36
48,3,v_acf_step_stride_symmetry_iqr|v_stride_freq_hz_iqr|v_jerk_rms_iqr,0.8637338709677419,0.013019018060011763,0.833366935483871,0.8794556451612904,0.8657258064516129,0.780311541215345,6.408129786746246,False,100,
49,4,v_acf_step_stride_symmetry_median|ap_spec_entropy_iqr|v_jerk_rms_median|v_jerk_rms_iqr,0.8632822580645161,0.01383320568185132,0.8298387096774194,0.882258064516129,0.8653225806451613,0.6756203890006707,3.2761367861490673,True,100,37
50,3,v_stride_freq_hz_iqr|v_jerk_rms_median|v_jerk_rms_iqr,0.8632096774193547,0.01146972624268755,0.8337903225806451,0.878266129032258,0.8657258064516129,0.6756203890006707,2.166165608965575,True,100,38
51,4,ap_acf_step_stride_symmetry_median|ap_acf_step_stride_symmetry_iqr|v_jerk_rms_median|v_jerk_rms_iqr,0.8630725806451613,0.010713083833888531,0.8415120967741935,0.8790322580645161,0.864516129032258,0.6756203890006707,4.996044953410378,True,100,39
52,4,v_acf_step_stride_symmetry_iqr|v_stride_freq_hz_median|v_stride_freq_hz_iqr|v_jerk_rms_iqr,0.8629516129032259,0.014365470305212505,0.8265322580645161,0.8826814516129033,0.864516129032258,0.780311541215345,7.2949028102433555,False,100,
53,4,v_stride_freq_hz_iqr|ap_spec_entropy_median|ap_spec_entropy_iqr|v_jerk_rms_iqr,0.8625483870967743,0.012594736074469572,0.83625,0.8802620967741935,0.864516129032258,0.6821878302070676,2.0284340770033755,True,100,40
54,4,v_acf_step_stride_symmetry_median|v_acf_step_stride_symmetry_iqr|ap_acf_step_stride_symmetry_median|v_jerk_rms_iqr,0.862322580645161,0.01703664953704983,0.8229637096774194,0.8846774193548387,0.8665322580645161,0.30546613011401746,2.7328716399880766,True,100,41
55,4,ap_acf_step_stride_symmetry_iqr|v_stride_freq_hz_iqr|v_jerk_rms_median|v_jerk_rms_iqr,0.8621370967741935,0.013448372778294202,0.828366935483871,0.8794959677419354,0.864516129032258,0.7741075471837211,6.230119505067113,False,100,
56,4,ap_acf_step_stride_symmetry_median|v_stride_freq_hz_median|v_jerk_rms_median|v_jerk_rms_iqr,0.8621209677419356,0.010910050263597454,0.8406653225806452,0.8790725806451613,0.8641129032258065,0.6756203890006707,1.694467337126938,True,100,42
57,3,ap_spec_entropy_median|ap_spec_entropy_iqr|v_jerk_rms_iqr,0.8617177419354838,0.007004696625385976,0.8475403225806452,0.8726209677419354,0.8629032258064516,0.4981556002682763,1.7278180328074948,True,100,43
58,4,v_stride_freq_hz_iqr|ap_spec_entropy_median|v_jerk_rms_median|v_jerk_rms_iqr,0.8610806451612903,0.01223936810533731,0.8342540322580645,0.8766129032258064,0.8649193548387097,0.6756203890006707,2.3837846111293257,True,100,44
59,4,v_stride_freq_hz_median|v_stride_freq_hz_iqr|ap_spec_entropy_iqr|v_jerk_rms_iqr,0.8608870967741936,0.014382691062704313,0.8329032258064516,0.8806854838709677,0.8637096774193549,0.6821878302070676,1.7540821705624003,True,100,45
60,4,v_acf_step_stride_symmetry_iqr|ap_acf_step_stride_symmetry_iqr|v_stride_freq_hz_iqr|v_jerk_rms_iqr,0.8604758064516131,0.013685215271937792,0.8302217741935484,0.8790322580645161,0.8625,0.8581824279007377,15.031164185619408,False,100,
61,4,ap_acf_step_stride_symmetry_median|v_stride_freq_hz_iqr|ap_spec_entropy_iqr|v_jerk_rms_iqr,0.8604596774193548,0.014219598546922502,0.830524193548387,0.8806451612903226,0.8608870967741935,0.6821878302070676,2.581755472825682,True,100,46
62,4,v_acf_step_stride_symmetry_median|v_acf_step_stride_symmetry_iqr|ap_acf_step_stride_symmetry_iqr|v_jerk_rms_iqr,0.8601774193548386,0.01623328153721113,0.8216935483870967,0.8831451612903224,0.8633064516129032,0.8581824279007377,13.584393748751713,False,100,
63,4,v_stride_freq_hz_median|v_stride_freq_hz_iqr|v_jerk_rms_median|v_jerk_rms_iqr,0.8593225806451612,0.013808424777465595,0.8217943548387097,0.8794556451612904,0.8616935483870968,0.6756203890006707,2.396543919479361,True,100,47
64,4,v_acf_step_stride_symmetry_median|v_acf_step_stride_symmetry_iqr|ap_spec_entropy_median|v_jerk_rms_iqr,0.8592096774193548,0.016082606693963337,0.8209274193548387,0.8826814516129032,0.8620967741935485,0.5548960429242119,2.8655474524919997,True,100,48
65,4,v_acf_step_stride_symmetry_iqr|v_stride_freq_hz_iqr|ap_spec_entropy_median|v_jerk_rms_iqr,0.8591129032258064,0.013428391088121768,0.8281854838709677,0.8774193548387097,0.8616935483870968,0.780311541215345,8.017251911856928,False,100,
66,4,v_acf_step_stride_symmetry_iqr|ap_acf_step_stride_symmetry_median|v_stride_freq_hz_iqr|v_jerk_rms_iqr,0.8590645161290321,0.013256368221198515,0.8280645161290323,0.8778427419354838,0.8620967741935484,0.780311541215345,7.4294444863213505,False,100,
67,4,ap_acf_step_stride_symmetry_iqr|ap_spec_entropy_median|ap_spec_entropy_iqr|v_jerk_rms_iqr,0.8589354838709677,0.007904638757596744,0.8390524193548388,0.8705846774193549,0.8588709677419355,0.8881623071763917,2.411347501429972,False,100,
68,4,ap_acf_step_stride_symmetry_median|v_stride_freq_hz_iqr|v_jerk_rms_median|v_jerk_rms_iqr,0.8581129032258066,0.011910325920225635,0.8334072580645161,0.8734274193548387,0.8612903225806452,0.6756203890006707,3.116726580311521,True,100,49
69,3,v_stride_freq_hz_median|ap_spec_entropy_iqr|v_jerk_rms_iqr,0.8580322580645159,0.011201484496340034,0.8342540322580645,0.874616935483871,0.8592741935483871,0.501010341125064,1.5218227689674673,True,100,50
70,4,v_acf_step_stride_symmetry_median|ap_acf_step_stride_symmetry_iqr|v_jerk_rms_median|v_jerk_rms_iqr,0.8576612903225808,0.015148814914056119,0.8201209677419354,0.877842741935484,0.8588709677419355,0.6756203890006707,3.1392274973666323,True,100,51
71,3,ap_acf_step_stride_symmetry_median|ap_spec_entropy_iqr|v_jerk_rms_iqr,0.8569193548387096,0.00975057879180203,0.8337903225806451,0.870967741935484,0.8588709677419355,0.21264252179745138,1.321107042184079,True,100,52
72,4,ap_acf_step_stride_symmetry_iqr|v_stride_freq_hz_median|ap_spec_entropy_iqr|v_jerk_rms_iqr,0.8564032258064518,0.01113436718385713,0.8289516129032257,0.8705846774193549,0.8576612903225806,0.8881623071763917,2.1364525155606966,False,100,
73,4,v_acf_step_stride_symmetry_median|ap_spec_entropy_median|v_jerk_rms_median|v_jerk_rms_iqr,0.8543306451612903,0.016468668683705615,0.8200403225806452,0.8778427419354838,0.8548387096774194,0.6756203890006707,1.859238751253462,True,100,53
74,1,v_jerk_rms_median,0.8538790322580644,0.004315857722551852,0.843125,0.8609072580645162,0.8540322580645162,0.0,1.0,True,100,54
75,3,v_acf_step_stride_symmetry_median|v_jerk_rms_median|v_jerk_rms_iqr,0.8534274193548387,0.015376025791536388,0.8225806451612903,0.8774193548387097,0.8556451612903226,0.6756203890006707,1.4415475009136556,True,100,55
76,3,v_acf_step_stride_symmetry_median|ap_spec_entropy_iqr|v_jerk_rms_iqr,0.8530806451612902,0.016863911820171343,0.8104435483870968,0.8778830645161291,0.8556451612903225,0.30546613011401746,1.2973923885668546,True,100,56
77,4,v_acf_step_stride_symmetry_median|v_stride_freq_hz_iqr|ap_spec_entropy_iqr|v_jerk_rms_iqr,0.8530241935483871,0.0180529680626742,0.8112096774193548,0.881491935483871,0.8568548387096775,0.6821878302070676,2.552633982251346,True,100,57
78,4,v_acf_step_stride_symmetry_median|ap_acf_step_stride_symmetry_median|v_jerk_rms_median|v_jerk_rms_iqr,0.8527016129032259,0.015000593418225704,0.8144354838709678,0.8750403225806451,0.8548387096774194,0.6756203890006707,2.035843287065562,True,100,58
79,4,ap_acf_step_stride_symmetry_median|ap_acf_step_stride_symmetry_iqr|ap_spec_entropy_iqr|v_jerk_rms_iqr,0.8525725806451612,0.011772115025185537,0.8245766129032258,0.8689717741935484,0.8540322580645162,0.8881623071763917,6.0641023611911296,False,100,
80,4,ap_acf_step_stride_symmetry_median|ap_spec_entropy_median|ap_spec_entropy_iqr|v_jerk_rms_iqr,0.8524032258064517,0.009975571651137225,0.8302217741935484,0.8685483870967742,0.853225806451613,0.7517102615694164,2.5108835703987675,True,100,59
81,4,v_stride_freq_hz_median|ap_spec_entropy_median|ap_spec_entropy_iqr|v_jerk_rms_iqr,0.8521774193548386,0.011083913622606944,0.8265725806451613,0.8713911290322581,0.8536290322580645,0.501010341125064,1.8282023432951429,True,100,60
82,3,ap_acf_step_stride_symmetry_iqr|v_stride_freq_hz_iqr|v_jerk_rms_iqr,0.8518387096774194,0.013995440514166414,0.8208870967741935,0.8713911290322581,0.8540322580645161,0.7741075471837211,5.949044923995425,False,100,
83,2,ap_acf_step_stride_symmetry_iqr|v_jerk_rms_iqr,0.8516451612903225,0.008365921837337477,0.8285685483870968,0.8629032258064516,0.8528225806451613,0.13376928236083166,1.0129875072138244,True,100,61
84,4,v_acf_step_stride_symmetry_median|v_stride_freq_hz_iqr|v_jerk_rms_median|v_jerk_rms_iqr,0.8511048387096772,0.0160815752626718,0.8090120967741935,0.8746975806451612,0.8548387096774194,0.6756203890006707,3.029236689235096,True,100,62
85,4,v_acf_step_stride_symmetry_median|v_acf_step_stride_symmetry_iqr|v_stride_freq_hz_iqr|v_jerk_rms_iqr,0.851,0.01834490365680697,0.8107459677419354,0.8775,0.8544354838709678,0.780311541215345,6.668525711703471,False,100,
86,3,v_stride_freq_hz_iqr|ap_spec_entropy_median|v_jerk_rms_iqr,0.8502177419354838,0.013929464637037205,0.8189314516129033,0.870625,0.8520161290322581,0.33286943112377304,1.351523796270776,True,100,63
87,4,v_acf_step_stride_symmetry_median|v_stride_freq_hz_median|v_jerk_rms_median|v_jerk_rms_iqr,0.8498951612903224,0.01642793059984724,0.8153225806451613,0.8758064516129033,0.8524193548387097,0.6756203890006707,1.7308656714309532,True,100,64
88,4,v_acf_step_stride_symmetry_median|ap_acf_step_stride_symmetry_iqr|ap_spec_entropy_iqr|v_jerk_rms_iqr,0.8494112903225804,0.016834465354365422,0.8082459677419355,0.871008064516129,0.8524193548387098,0.8881623071763917,3.846157357363126,False,100,
89,4,v_acf_step_stride_symmetry_iqr|ap_acf_step_stride_symmetry_iqr|ap_spec_entropy_median|v_jerk_rms_median,0.8485322580645162,0.010974843406577837,0.8253830645161291,0.86375,0.8516129032258064,0.8581824279007377,12.7421428363778,False,100,
90,3,v_acf_step_stride_symmetry_iqr|ap_acf_step_stride_symmetry_iqr|v_jerk_rms_median,0.8477499999999999,0.008519500767944976,0.8297983870967742,0.8592943548387096,0.8499999999999999,0.8581824279007377,12.298407612824512,False,100,
91,2,ap_acf_step_stride_symmetry_iqr|v_jerk_rms_median,0.8472177419354839,0.010386212695801868,0.8236895161290324,0.8592943548387096,0.8499999999999999,0.41696847753185784,1.2408696853390944,True,100,65
92,4,ap_acf_step_stride_symmetry_iqr|v_stride_freq_hz_iqr|ap_spec_entropy_median|v_jerk_rms_iqr,0.8469193548387096,0.014055534377871826,0.818508064516129,0.8673588709677419,0.8491935483870967,0.7741075471837211,9.972096578306955,False,100,
93,4,v_acf_step_stride_symmetry_median|ap_spec_entropy_median|ap_spec_entropy_iqr|v_jerk_rms_iqr,0.8468548387096775,0.016057392218494747,0.805907258064516,0.8669354838709677,0.8504032258064516,0.4981556002682763,1.7503497279659133,True,100,66
94,2,ap_spec_entropy_median|v_jerk_rms_median,0.8464435483870969,0.00781891829765608,0.8290322580645161,0.8581048387096775,0.8475806451612902,0.4067069081153588,1.3401762290984107,True,100,67
95,2,v_stride_freq_hz_iqr|v_jerk_rms_iqr,0.8463387096774193,0.013648648015798553,0.8237701612903227,0.8653225806451613,0.847983870967742,0.15080735762276923,1.0243489494049571,True,100,68
96,4,ap_acf_step_stride_symmetry_median|v_stride_freq_hz_median|ap_spec_entropy_iqr|v_jerk_rms_iqr,0.8457661290322581,0.014572306758378811,0.8116733870967742,0.8677822580645161,0.8483870967741935,0.501010341125064,1.5560669962588278,True,100,69
97,2,ap_acf_step_stride_symmetry_median|v_jerk_rms_median,0.845233870967742,0.009890995442996769,0.8236895161290322,0.8604838709677419,0.8467741935483871,0.17847082494969818,1.102094565476053,True,100,70
98,3,ap_acf_step_stride_symmetry_median|v_stride_freq_hz_iqr|v_jerk_rms_iqr,0.8449516129032257,0.014762321621218799,0.8189314516129033,0.8681653225806452,0.8455645161290323,0.21264252179745138,1.9895209983321653,True,100,71
99,4,v_acf_step_stride_symmetry_iqr|ap_acf_step_stride_symmetry_median|ap_acf_step_stride_symmetry_iqr|v_jerk_rms_median,0.8449354838709676,0.01120509656958804,0.8208870967741936,0.8592943548387096,0.8463709677419355,0.8581824279007377,12.415924899253367,False,100,
100,4,ap_acf_step_stride_symmetry_iqr|v_stride_freq_hz_median|v_stride_freq_hz_iqr|v_jerk_rms_iqr,0.8448145161290322,0.015054311102312758,0.8042943548387097,0.8681653225806452,0.846774193548387,0.7741075471837211,6.410400032598695,False,100,
101,4,v_acf_step_stride_symmetry_iqr|ap_acf_step_stride_symmetry_iqr|v_stride_freq_hz_iqr|v_jerk_rms_median,0.8440322580645162,0.012763993017791395,0.8104032258064516,0.860100806451613,0.8471774193548387,0.8581824279007377,13.116363723127357,False,100,
102,2,v_stride_freq_hz_median|v_jerk_rms_median,0.8437983870967742,0.008043876324954138,0.8265725806451613,0.8560685483870968,0.8451612903225807,0.5585283472856214,1.3775734365979808,True,100,72
103,4,ap_acf_step_stride_symmetry_median|v_stride_freq_hz_iqr|ap_spec_entropy_median|v_jerk_rms_iqr,0.8437983870967741,0.014709303968066115,0.8124798387096773,0.864133064516129,0.8471774193548387,0.7517102615694164,2.801789620313684,True,100,73
104,3,ap_acf_step_stride_symmetry_iqr|ap_spec_entropy_median|v_jerk_rms_iqr,0.8437500000000001,0.008723013787034547,0.8229637096774193,0.856875,0.844758064516129,0.6719315895372233,1.8944507404140238,True,100,74
105,2,v_stride_freq_hz_iqr|v_jerk_rms_median,0.8435645161290324,0.013015750395331302,0.8148185483870968,0.8588709677419355,0.8467741935483871,0.4057579772196345,1.2293704160200176,True,100,75
106,3,ap_acf_step_stride_symmetry_iqr|ap_spec_entropy_median|v_jerk_rms_median,0.8434354838709675,0.012173925794510784,0.8168951612903226,0.8612903225806452,0.8467741935483872,0.6719315895372233,1.9327698732377574,True,100,76
107,4,ap_acf_step_stride_symmetry_median|ap_acf_step_stride_symmetry_iqr|v_stride_freq_hz_iqr|v_jerk_rms_iqr,0.8433951612903229,0.014990657685554295,0.8092137096774193,0.8653629032258064,0.844758064516129,0.7741075471837211,8.929697620602669,False,100,
108,3,ap_acf_step_stride_symmetry_median|ap_acf_step_stride_symmetry_iqr|v_jerk_rms_median,0.843282258064516,0.011993451980245876,0.8160080645161291,0.8609072580645161,0.8455645161290323,0.41696847753185784,2.8796222393555273,True,100,77
109,2,ap_spec_entropy_iqr|v_jerk_rms_median,0.8431935483870968,0.008916630602784284,0.8229637096774194,0.8568749999999999,0.8451612903225807,0.39775318578135477,1.1855799482336504,True,100,78
110,3,v_acf_step_stride_symmetry_iqr|v_stride_freq_hz_iqr|v_jerk_rms_median,0.8428225806451615,0.013088991470945504,0.8083266129032257,0.8584879032258065,0.8451612903225807,0.780311541215345,6.075892988016479,False,100,
111,4,v_acf_step_stride_symmetry_median|ap_acf_step_stride_symmetry_median|ap_spec_entropy_iqr|v_jerk_rms_iqr,0.842709677419355,0.018196334559695278,0.7921572580645161,0.8661693548387097,0.8451612903225807,0.30546613011401746,2.0675022654437454,True,100,79
112,4,v_stride_freq_hz_median|v_stride_freq_hz_iqr|ap_spec_entropy_median|v_jerk_rms_iqr,0.8425483870967743,0.015409632499612401,0.8064112903225806,0.8665524193548386,0.8435483870967742,0.501010341125064,1.6652128133539916,True,100,80
113,3,ap_acf_step_stride_symmetry_iqr|v_stride_freq_hz_median|v_jerk_rms_iqr,0.8424112903225808,0.012451408091448131,0.8096370967741936,0.8584879032258065,0.8443548387096774,0.501010341125064,1.3725392216020222,True,100,81
114,4,v_acf_step_stride_symmetry_median|v_stride_freq_hz_median|ap_spec_entropy_iqr|v_jerk_rms_iqr,0.8421290322580646,0.02002548592169237,0.7991129032258064,0.871008064516129,0.844758064516129,0.501010341125064,1.6693140627606948,True,100,82
115,4,v_acf_step_stride_symmetry_iqr|ap_acf_step_stride_symmetry_iqr|ap_spec_entropy_iqr|v_jerk_rms_median,0.8420645161290323,0.009736784354746616,0.818508064516129,0.8564516129032258,0.8435483870967742,0.8881623071763917,15.447008026401088,False,100,
116,2,v_acf_step_stride_symmetry_iqr|v_jerk_rms_median,0.8419354838709677,0.008785766379397632,0.8245362903225807,0.8540725806451613,0.842741935483871,0.6209255533199195,1.4183748983104973,True,100,83
117,3,ap_acf_step_stride_symmetry_median|ap_acf_step_stride_symmetry_iqr|v_jerk_rms_iqr,0.8411129032258066,0.011842932401956717,0.8132459677419355,0.8577217741935483,0.8443548387096774,0.2465124077800134,2.9314528290430215,True,100,84
118,4,v_acf_step_stride_symmetry_iqr|ap_acf_step_stride_symmetry_iqr|v_stride_freq_hz_median|v_jerk_rms_median,0.8406129032258063,0.01104295411937077,0.8129032258064516,0.856875,0.842741935483871,0.8581824279007377,12.78597077192066,False,100,
119,3,v_stride_freq_hz_iqr|ap_spec_entropy_median|v_jerk_rms_median,0.8395322580645163,0.014259977033511258,0.7991935483870968,0.8568749999999999,0.842741935483871,0.4067069081153588,1.4824117377785182,True,100,85
120,3,v_stride_freq_hz_median|v_stride_freq_hz_iqr|v_jerk_rms_iqr,0.8393225806451615,0.014493991301677368,0.8023185483870967,0.8597177419354839,0.8411290322580645,0.501010341125064,1.2878683275891734,True,100,86
121,4,ap_acf_step_stride_symmetry_median|ap_acf_step_stride_symmetry_iqr|ap_spec_entropy_median|v_jerk_rms_median,0.8390483870967742,0.013342346699631937,0.8059072580645161,0.8577217741935483,0.8415322580645161,0.7517102615694164,3.1152534223181285,True,100,87
122,3,ap_acf_step_stride_symmetry_iqr|ap_spec_entropy_iqr|v_jerk_rms_median,0.8385887096774195,0.01181594019888882,0.8100201612903226,0.8548790322580645,0.8415322580645161,0.8881623071763917,1.8824217679299808,False,100,
123,3,ap_acf_step_stride_symmetry_median|ap_spec_entropy_median|v_jerk_rms_median,0.8379032258064517,0.011952270389618413,0.8124395161290323,0.8556854838709678,0.8387096774193548,0.7517102615694164,2.315386433404915,True,100,88
124,3,ap_acf_step_stride_symmetry_median|v_stride_freq_hz_iqr|v_jerk_rms_median,0.8363225806451611,0.014295837610906312,0.8003830645161291,0.8565322580645162,0.8387096774193549,0.4057579772196345,1.9797192284780547,True,100,89
125,4,ap_acf_step_stride_symmetry_median|v_stride_freq_hz_median|v_stride_freq_hz_iqr|v_jerk_rms_iqr,0.8362903225806452,0.016071091759116377,0.7986895161290323,0.8617137096774193,0.8387096774193549,0.501010341125064,2.0195363045185477,True,100,90
126,3,v_stride_freq_hz_median|ap_spec_entropy_median|v_jerk_rms_median,0.8361532258064516,0.010952478573901957,0.8140524193548389,0.8536895161290322,0.8379032258064516,0.5585283472856214,1.5527578465097902,True,100,91
127,3,ap_acf_step_stride_symmetry_iqr|v_stride_freq_hz_median|v_jerk_rms_median,0.835967741935484,0.013315150153083322,0.8043346774193548,0.8540322580645161,0.8387096774193549,0.5585283472856214,1.5789676027077253,True,100,92
128,3,ap_spec_entropy_median|ap_spec_entropy_iqr|v_jerk_rms_median,0.8358306451612902,0.01051500190362642,0.8107056451612903,0.8520766129032257,0.8370967741935483,0.4981556002682763,1.5014327635230786,True,100,93
129,4,ap_acf_step_stride_symmetry_median|ap_acf_step_stride_symmetry_iqr|ap_spec_entropy_median|v_jerk_rms_iqr,0.8356290322580644,0.012641103860258069,0.8088306451612903,0.8540725806451613,0.8362903225806453,0.7517102615694164,3.235334215868095,True,100,94
130,4,ap_acf_step_stride_symmetry_median|ap_acf_step_stride_symmetry_iqr|ap_spec_entropy_iqr|v_jerk_rms_median,0.8353951612903227,0.013174733401705496,0.8096370967741935,0.8552620967741936,0.8370967741935484,0.8881623071763917,6.1542048739373,False,100,
131,4,v_acf_step_stride_symmetry_iqr|v_stride_freq_hz_median|v_stride_freq_hz_iqr|v_jerk_rms_median,0.8352096774193547,0.015983466623017157,0.7846370967741935,0.8552620967741935,0.8374999999999999,0.780311541215345,7.050880548391107,False,100,
132,3,ap_acf_step_stride_symmetry_iqr|v_stride_freq_hz_iqr|v_jerk_rms_median,0.8350806451612904,0.01701829279017777,0.7910887096774194,0.857258064516129,0.8383064516129033,0.7741075471837211,5.952651399065661,False,100,
133,3,v_acf_step_stride_symmetry_iqr|ap_spec_entropy_median|v_jerk_rms_median,0.8350161290322581,0.01175283842073851,0.8060282258064516,0.8508467741935484,0.8370967741935484,0.6209255533199195,1.8162391726492506,True,100,95
134,4,v_acf_step_stride_symmetry_iqr|v_stride_freq_hz_iqr|ap_spec_entropy_median|v_jerk_rms_median,0.8349112903225806,0.014814151817177115,0.7963104838709678,0.8540322580645162,0.8387096774193548,0.780311541215345,7.44216268567649,False,100,
135,3,ap_acf_step_stride_symmetry_median|v_stride_freq_hz_median|v_jerk_rms_median,0.8348467741935484,0.0123007645571502,0.8132862903225806,0.8556451612903226,0.8350806451612903,0.5585283472856214,1.424193770301765,True,100,96
136,4,ap_acf_step_stride_symmetry_iqr|v_stride_freq_hz_median|ap_spec_entropy_median|v_jerk_rms_median,0.8344274193548388,0.014416084323194193,0.8019153225806451,0.8556451612903226,0.8346774193548387,0.6719315895372233,2.2161465343606497,True,100,97
137,4,ap_acf_step_stride_symmetry_iqr|v_stride_freq_hz_median|ap_spec_entropy_median|v_jerk_rms_iqr,0.8342903225806451,0.013424467031351237,0.8067943548387096,0.8540322580645161,0.8362903225806452,0.6719315895372233,2.197333679888304,True,100,98
138,4,ap_acf_step_stride_symmetry_iqr|v_stride_freq_hz_iqr|ap_spec_entropy_median|v_jerk_rms_median,0.8341854838709678,0.01683057820178177,0.7934274193548386,0.8564919354838709,0.8395161290322579,0.7741075471837211,10.097465027191483,False,100,
139,3,v_stride_freq_hz_median|v_stride_freq_hz_iqr|v_jerk_rms_median,0.8339354838709678,0.016294636956952976,0.7935685483870968,0.8540322580645161,0.8387096774193548,0.5585283472856214,1.6405702933580337,True,100,99
140,4,ap_acf_step_stride_symmetry_median|ap_acf_step_stride_symmetry_iqr|v_stride_freq_hz_iqr|v_jerk_rms_median,0.8338629032258066,0.015610975927162872,0.7975806451612903,0.8560685483870968,0.8370967741935484,0.7741075471837211,8.883040026026945,False,100,
141,4,v_acf_step_stride_symmetry_median|v_stride_freq_hz_iqr|ap_spec_entropy_median|v_jerk_rms_iqr,0.8336370967741935,0.018432848462961667,0.792741935483871,0.864133064516129,0.8370967741935483,0.33286943112377304,2.2095307321235027,True,100,100
142,3,v_stride_freq_hz_iqr|ap_spec_entropy_iqr|v_jerk_rms_median,0.8336209677419356,0.015341945113110258,0.793266129032258,0.8528427419354839,0.8362903225806452,0.6821878302070676,1.588425389662857,True,100,101
143,3,v_acf_step_stride_symmetry_iqr|ap_spec_entropy_iqr|v_jerk_rms_median,0.8335967741935484,0.011629240255394533,0.8067943548387098,0.8508870967741935,0.8350806451612903,0.7720657276995305,1.763313940791572,True,100,102
144,2,v_acf_step_stride_symmetry_median|v_jerk_rms_median,0.8334838709677418,0.0160941623719902,0.7919354838709678,0.8540322580645161,0.8362903225806452,0.22642521797451376,1.0998881567004033,True,100,103
145,3,v_stride_freq_hz_median|ap_spec_entropy_iqr|v_jerk_rms_median,0.8332338709677418,0.011910587911376265,0.8052217741935485,0.8496572580645161,0.835483870967742,0.5585283472856214,1.6559734692862464,True,100,104
146,4,v_acf_step_stride_symmetry_iqr|v_stride_freq_hz_iqr|ap_spec_entropy_iqr|v_jerk_rms_median,0.8331532258064515,0.015241504473761705,0.7922580645161291,0.8520362903225807,0.8358870967741935,0.780311541215345,6.098755269239629,False,100,
147,4,ap_acf_step_stride_symmetry_iqr|ap_spec_entropy_median|ap_spec_entropy_iqr|v_jerk_rms_median,0.8330967741935484,0.013227991776796207,0.807641129032258,0.8553024193548386,0.8354838709677419,0.8881623071763917,2.4233165683868303,False,100,
148,4,v_acf_step_stride_symmetry_iqr|ap_acf_step_stride_symmetry_median|v_stride_freq_hz_iqr|v_jerk_rms_median,0.8329516129032258,0.01615508648337936,0.7970766129032258,0.8564919354838709,0.8362903225806451,0.780311541215345,8.154151203636005,False,100,
149,4,v_acf_step_stride_symmetry_median|ap_acf_step_stride_symmetry_iqr|v_stride_freq_hz_iqr|v_jerk_rms_iqr,0.8328467741935484,0.019548307720395848,0.78625,0.8645564516129032,0.8354838709677419,0.7741075471837211,6.401575229936594,False,100,
150,3,ap_acf_step_stride_symmetry_median|ap_spec_entropy_iqr|v_jerk_rms_median,0.8326774193548389,0.01272558148027758,0.8010282258064517,0.8516532258064516,0.8358870967741935,0.39775318578135477,1.252887964516894,True,100,105
151,4,ap_acf_step_stride_symmetry_median|ap_acf_step_stride_symmetry_iqr|v_stride_freq_hz_median|v_jerk_rms_median,0.8326209677419354,0.014479142173422437,0.7994556451612904,0.8536491935483871,0.8346774193548387,0.5585283472856214,2.9055458534391834,True,100,106
152,3,v_acf_step_stride_symmetry_iqr|v_stride_freq_hz_median|v_jerk_rms_median,0.8321935483870968,0.011903628021012977,0.8042943548387096,0.8496169354838711,0.8338709677419355,0.6209255533199195,1.7031766668124044,True,100,107
153,3,v_acf_step_stride_symmetry_median|ap_acf_step_stride_symmetry_iqr|v_jerk_rms_iqr,0.8320887096774193,0.017285934367131738,0.7922782258064516,0.8596774193548388,0.8346774193548387,0.30546613011401746,2.0208459389778146,True,100,108
154,3,v_acf_step_stride_symmetry_iqr|ap_acf_step_stride_symmetry_median|v_jerk_rms_median,0.8319274193548388,0.013492615409836475,0.802258064516129,0.8492338709677419,0.8346774193548387,0.6209255533199195,3.048311497853358,True,100,109
155,4,ap_acf_step_stride_symmetry_median|v_stride_freq_hz_iqr|ap_spec_entropy_median|v_jerk_rms_median,0.8306774193548389,0.016286668579674233,0.7874596774193549,0.8524193548387097,0.8330645161290323,0.7517102615694164,2.8356118804227117,True,100,110
156,4,v_stride_freq_hz_median|v_stride_freq_hz_iqr|ap_spec_entropy_median|v_jerk_rms_median,0.8302419354838709,0.01674511697778712,0.7902822580645161,0.8532258064516128,0.8330645161290322,0.5585283472856214,1.719589352086682,True,100,111
157,4,ap_acf_step_stride_symmetry_median|ap_acf_step_stride_symmetry_iqr|v_stride_freq_hz_median|v_jerk_rms_iqr,0.829991935483871,0.01606646998119661,0.7916532258064516,0.8548387096774194,0.8330645161290322,0.501010341125064,3.1138174185054357,True,100,112
158,4,v_stride_freq_hz_iqr|ap_spec_entropy_median|ap_spec_entropy_iqr|v_jerk_rms_median,0.8284032258064515,0.014932208935173084,0.7834475806451613,0.8492338709677418,0.8306451612903225,0.6821878302070676,1.6448509364811792,True,100,113
159,4,ap_acf_step_stride_symmetry_iqr|v_stride_freq_hz_median|ap_spec_entropy_iqr|v_jerk_rms_median,0.8277096774193548,0.014669871196719001,0.7983467741935484,0.8459677419354839,0.8318548387096774,0.8881623071763917,1.9569119258565202,False,100,
160,3,v_acf_step_stride_symmetry_median|v_stride_freq_hz_iqr|v_jerk_rms_iqr,0.8277016129032261,0.019165665816569307,0.7832459677419356,0.8589112903225807,0.8314516129032258,0.30546613011401746,1.8814730924218752,True,100,114
161,4,ap_acf_step_stride_symmetry_median|v_stride_freq_hz_median|ap_spec_entropy_median|v_jerk_rms_median,0.827266129032258,0.014028079118411196,0.8003830645161291,0.8524596774193548,0.8282258064516128,0.7517102615694164,2.5404334428265245,True,100,115
162,4,v_stride_freq_hz_median|ap_spec_entropy_median|ap_spec_entropy_iqr|v_jerk_rms_median,0.8270564516129032,0.012369508814646702,0.8028024193548386,0.8447782258064517,0.8286290322580645,0.5585283472856214,1.8074074015261379,True,100,116
163,4,ap_acf_step_stride_symmetry_median|v_stride_freq_hz_median|v_stride_freq_hz_iqr|v_jerk_rms_median,0.8265403225806451,0.016905431527516373,0.7869758064516129,0.849616935483871,0.8290322580645162,0.5585283472856214,2.0688434300926994,True,100,117
164,4,ap_acf_step_stride_symmetry_median|ap_spec_entropy_median|ap_spec_entropy_iqr|v_jerk_rms_median,0.8261854838709677,0.013540905764650637,0.7951209677419354,0.8455846774193548,0.8282258064516128,0.7517102615694164,2.5608467868475584,True,100,118
165,4,ap_acf_step_stride_symmetry_iqr|v_stride_freq_hz_iqr|ap_spec_entropy_iqr|v_jerk_rms_median,0.8261451612903227,0.018048165865563768,0.780866935483871,0.8488104838709678,0.8298387096774195,0.8881623071763917,7.088679710887865,False,100,
166,4,v_acf_step_stride_symmetry_iqr|ap_acf_step_stride_symmetry_median|ap_spec_entropy_median|v_jerk_rms_median,0.825790322580645,0.01600103168086213,0.7918548387096774,0.8460483870967741,0.8294354838709678,0.7517102615694164,3.196210591745157,True,100,119
167,3,v_acf_step_stride_symmetry_median|ap_spec_entropy_median|v_jerk_rms_median,0.8254596774193549,0.01790200570317272,0.7873588709677419,0.8528427419354838,0.8270161290322581,0.4067069081153588,1.3973091192514102,True,100,120
168,4,v_acf_step_stride_symmetry_median|ap_acf_step_stride_symmetry_iqr|ap_spec_entropy_median|v_jerk_rms_iqr,0.8253548387096772,0.017676394834897767,0.7874798387096774,0.8548790322580645,0.8278225806451613,0.6719315895372233,3.6881955528009356,True,100,121
169,4,v_acf_step_stride_symmetry_iqr|ap_spec_entropy_median|ap_spec_entropy_iqr|v_jerk_rms_median,0.8250967741935488,0.013058229141078317,0.7966935483870967,0.8452016129032257,0.8278225806451612,0.7720657276995305,2.063292393976649,True,100,122
170,4,v_acf_step_stride_symmetry_median|v_acf_step_stride_symmetry_iqr|ap_acf_step_stride_symmetry_iqr|v_jerk_rms_median,0.8250967741935483,0.020338026269594127,0.7789112903225807,0.8524596774193548,0.8282258064516129,0.8581824279007377,13.28509354602268,False,100,
171,4,ap_acf_step_stride_symmetry_iqr|v_stride_freq_hz_median|v_stride_freq_hz_iqr|v_jerk_rms_median,0.8247338709677421,0.019507333098848667,0.77,0.8524596774193548,0.8290322580645162,0.7741075471837211,6.3815097057391705,False,100,
172,4,v_acf_step_stride_symmetry_iqr|v_stride_freq_hz_median|ap_spec_entropy_median|v_jerk_rms_median,0.8246290322580647,0.01406769979900157,0.7915120967741935,0.8459677419354839,0.8258064516129032,0.6209255533199195,1.9022780929278202,True,100,123
173,4,v_acf_step_stride_symmetry_iqr|v_stride_freq_hz_median|ap_spec_entropy_iqr|v_jerk_rms_median,0.8243387096774193,0.013679878680510382,0.793125,0.8447782258064516,0.8270161290322581,0.7720657276995305,1.8554745456818948,True,100,124
174,4,v_acf_step_stride_symmetry_median|ap_acf_step_stride_symmetry_median|v_stride_freq_hz_iqr|v_jerk_rms_iqr,0.8241612903225806,0.022106374845891955,0.7732258064516129,0.8588709677419355,0.829032258064516,0.30546613011401746,2.434870033745479,True,100,125
175,4,ap_acf_step_stride_symmetry_median|v_stride_freq_hz_iqr|ap_spec_entropy_iqr|v_jerk_rms_median,0.8240887096774193,0.016290191518624684,0.7854032258064516,0.845584677419355,0.8262096774193548,0.6821878302070676,2.6209492377618346,True,100,126
176,4,v_stride_freq_hz_median|v_stride_freq_hz_iqr|ap_spec_entropy_iqr|v_jerk_rms_median,0.8237177419354839,0.018181951046141048,0.7765322580645162,0.8472379032258064,0.8266129032258065,0.6821878302070676,1.7451663807017994,True,100,127
177,3,v_acf_step_stride_symmetry_median|v_stride_freq_hz_median|v_jerk_rms_median,0.8236370967741935,0.018711367984093407,0.7789516129032258,0.8504233870967742,0.8266129032258065,0.5585283472856214,1.5048135786077583,True,100,128
178,4,ap_acf_step_stride_symmetry_median|v_stride_freq_hz_median|ap_spec_entropy_iqr|v_jerk_rms_median,0.8227903225806454,0.014719985255547754,0.7910483870967742,0.8476209677419355,0.8258064516129031,0.5585283472856214,1.6715617162141363,True,100,129
179,4,v_acf_step_stride_symmetry_median|v_acf_step_stride_symmetry_iqr|v_stride_freq_hz_iqr|v_jerk_rms_median,0.8225161290322582,0.021897596321651717,0.7692338709677419,0.8556854838709678,0.8241935483870968,0.780311541215345,7.113673241963597,False,100,
180,3,v_acf_step_stride_symmetry_median|ap_spec_entropy_iqr|v_jerk_rms_median,0.822274193548387,0.018985001058491706,0.7814516129032257,0.8484274193548387,0.8262096774193548,0.39775318578135477,1.277644673535237,True,100,130
181,3,v_acf_step_stride_symmetry_median|ap_acf_step_stride_symmetry_median|v_jerk_rms_median,0.821983870967742,0.016890084845915653,0.7831653225806452,0.8488104838709678,0.8241935483870968,0.23705566733735747,2.0053602898275398,True,100,131
182,4,v_acf_step_stride_symmetry_iqr|ap_acf_step_stride_symmetry_median|ap_spec_entropy_iqr|v_jerk_rms_median,0.8219596774193547,0.014826368261622948,0.7927016129032258,0.8403225806451613,0.825,0.7720657276995305,4.049838677124348,True,100,132
183,4,v_acf_step_stride_symmetry_median|ap_acf_step_stride_symmetry_iqr|v_stride_freq_hz_median|v_jerk_rms_iqr,0.8212580645161291,0.02020393664902686,0.7776814516129033,0.856149193548387,0.825,0.501010341125064,2.546164935288848,True,100,133
184,4,v_acf_step_stride_symmetry_iqr|ap_acf_step_stride_symmetry_median|v_stride_freq_hz_median|v_jerk_rms_median,0.8211209677419354,0.01620773199493886,0.7841733870967742,0.8455846774193548,0.8225806451612904,0.6209255533199195,3.0484769476007814,True,100,134
185,4,v_acf_step_stride_symmetry_median|ap_acf_step_stride_symmetry_median|ap_acf_step_stride_symmetry_iqr|v_jerk_rms_iqr,0.8205322580645159,0.020935264468187068,0.7761895161290322,0.8520766129032257,0.8245967741935484,0.30546613011401746,3.260646342696268,True,100,135
186,4,v_acf_step_stride_symmetry_median|v_stride_freq_hz_median|v_stride_freq_hz_iqr|v_jerk_rms_iqr,0.8204919354838711,0.01987929043260151,0.7678427419354839,0.8544556451612904,0.8237903225806451,0.501010341125064,2.0861911550463828,True,100,136
187,3,v_acf_step_stride_symmetry_median|v_acf_step_stride_symmetry_iqr|v_jerk_rms_median,0.8192903225806453,0.018622678371216676,0.7736895161290323,0.8451612903225807,0.8225806451612903,0.6209255533199195,2.3917261100502363,True,100,137
188,4,v_acf_step_stride_symmetry_median|ap_acf_step_stride_symmetry_median|ap_acf_step_stride_symmetry_iqr|v_jerk_rms_median,0.8177258064516131,0.021676063831767067,0.768891129032258,0.8488508064516129,0.8201612903225806,0.41696847753185784,3.094740702657036,True,100,138
189,3,v_acf_step_stride_symmetry_median|v_stride_freq_hz_iqr|v_jerk_rms_median,0.8173709677419354,0.022683231800817747,0.7653225806451613,0.8520362903225807,0.8197580645161291,0.4057579772196345,1.7709853428683782,True,100,139
190,3,v_acf_step_stride_symmetry_median|ap_acf_step_stride_symmetry_iqr|v_jerk_rms_median,0.8162822580645162,0.02235306785954144,0.7669354838709677,0.8500000000000001,0.8197580645161291,0.41696847753185784,1.9370135487361542,True,100,140
191,4,v_acf_step_stride_symmetry_median|ap_spec_entropy_median|ap_spec_entropy_iqr|v_jerk_rms_median,0.8154112903225808,0.01900406280328904,0.7785685483870968,0.8440120967741935,0.8177419354838709,0.4981556002682763,1.566523063196328,True,100,141
192,4,v_acf_step_stride_symmetry_median|v_stride_freq_hz_median|ap_spec_entropy_median|v_jerk_rms_median,0.8150645161290323,0.02020990554439923,0.7713508064516129,0.8476612903225805,0.8165322580645161,0.5585283472856214,1.6100678416003067,True,100,142
193,4,v_acf_step_stride_symmetry_median|ap_acf_step_stride_symmetry_median|ap_spec_entropy_median|v_jerk_rms_median,0.8146290322580647,0.018615036022219675,0.7723790322580645,0.8431653225806451,0.8161290322580645,0.7517102615694164,4.009271857751416,True,100,143
194,2,ap_spec_entropy_median|v_jerk_rms_iqr,0.8141451612903227,0.009258628756776953,0.7959274193548387,0.8306854838709677,0.8153225806451613,0.17431254191817572,1.0210710742177178,True,100,144
195,4,v_acf_step_stride_symmetry_median|ap_acf_step_stride_symmetry_iqr|ap_spec_entropy_median|v_jerk_rms_median,0.8139677419354838,0.021035582159600996,0.7689314516129032,0.8488104838709677,0.815725806451613,0.6719315895372233,2.784825339414726,True,100,145
196,4,v_acf_step_stride_symmetry_median|ap_acf_step_stride_symmetry_median|v_stride_freq_hz_iqr|v_jerk_rms_median,0.8135725806451614,0.02287433382738266,0.758366935483871,0.8483870967741935,0.814516129032258,0.4057579772196345,2.377965267889023,True,100,146
197,4,v_acf_step_stride_symmetry_median|v_stride_freq_hz_iqr|ap_spec_entropy_median|v_jerk_rms_median,0.8128548387096776,0.023589120801935946,0.7600604838709677,0.852883064516129,0.8153225806451613,0.4067069081153588,1.8817108487021499,True,100,147
198,4,v_acf_step_stride_symmetry_median|v_stride_freq_hz_median|ap_spec_entropy_iqr|v_jerk_rms_median,0.8124758064516129,0.021362076019612142,0.7639717741935484,0.8403225806451613,0.8157258064516129,0.5585283472856214,1.775746542484473,True,100,148
199,4,v_acf_step_stride_symmetry_median|v_acf_step_stride_symmetry_iqr|ap_spec_entropy_median|v_jerk_rms_median,0.8121693548387097,0.021068414796566265,0.7612096774193549,0.8415524193548387,0.8129032258064517,0.6209255533199195,2.9975112536733666,True,100,149
200,4,v_acf_step_stride_symmetry_median|ap_acf_step_stride_symmetry_median|v_stride_freq_hz_median|v_jerk_rms_median,0.8119435483870968,0.01889722372981849,0.7729637096774195,0.8427822580645162,0.8157258064516129,0.5585283472856214,2.1952073821170024,True,100,150
201,4,v_acf_step_stride_symmetry_median|ap_acf_step_stride_symmetry_median|ap_spec_entropy_iqr|v_jerk_rms_median,0.8118387096774193,0.018897635672742177,0.7713508064516129,0.8404838709677418,0.8169354838709677,0.39775318578135477,2.06510574697847,True,100,151
202,4,v_acf_step_stride_symmetry_median|v_acf_step_stride_symmetry_iqr|ap_spec_entropy_iqr|v_jerk_rms_median,0.811701612903226,0.019417696547614847,0.7713104838709678,0.8411693548387097,0.814516129032258,0.7720657276995305,3.42919490519818,True,100,152
203,3,ap_acf_step_stride_symmetry_median|ap_spec_entropy_median|v_jerk_rms_iqr,0.8102741935483871,0.012059309857777638,0.7858266129032258,0.831491935483871,0.8108870967741935,0.7517102615694164,1.904367116810503,True,100,153
204,4,v_acf_step_stride_symmetry_median|v_acf_step_stride_symmetry_iqr|v_stride_freq_hz_median|v_jerk_rms_median,0.8088790322580646,0.020940935505067832,0.7631653225806452,0.8399395161290323,0.8108870967741936,0.6209255533199195,2.520327126205761,True,100,154
205,4,v_acf_step_stride_symmetry_median|v_acf_step_stride_symmetry_iqr|ap_acf_step_stride_symmetry_median|v_jerk_rms_median,0.8078467741935484,0.021069275373670183,0.758407258064516,0.8379435483870967,0.810483870967742,0.6209255533199195,3.330440141726443,True,100,155
206,4,v_acf_step_stride_symmetry_median|ap_acf_step_stride_symmetry_iqr|ap_spec_entropy_iqr|v_jerk_rms_median,0.8078145161290322,0.022808944295087855,0.7568346774193547,0.842016129032258,0.8112903225806452,0.8881623071763917,3.8784778037019856,False,100,
207,4,v_acf_step_stride_symmetry_median|v_stride_freq_hz_median|v_stride_freq_hz_iqr|v_jerk_rms_median,0.8077258064516128,0.024513518965519038,0.7452217741935484,0.8452016129032257,0.8120967741935483,0.5585283472856214,1.7718204728726183,True,100,156
208,4,v_acf_step_stride_symmetry_median|v_stride_freq_hz_iqr|ap_spec_entropy_iqr|v_jerk_rms_median,0.8070645161290322,0.024652995962020616,0.7519959677419354,0.8440120967741935,0.8120967741935484,0.6821878302070676,2.5439443354578577,True,100,157
209,4,v_acf_step_stride_symmetry_median|ap_acf_step_stride_symmetry_iqr|v_stride_freq_hz_median|v_jerk_rms_median,0.8062822580645161,0.023674872157613276,0.7539516129032258,0.842358870967742,0.8088709677419355,0.5585283472856214,1.973849040821743,True,100,158
210,4,v_acf_step_stride_symmetry_median|ap_acf_step_stride_symmetry_iqr|v_stride_freq_hz_iqr|v_jerk_rms_median,0.805508064516129,0.025214177057084685,0.755866935483871,0.8476209677419355,0.8108870967741935,0.7741075471837211,6.469088053141772,False,100,
211,1,v_jerk_rms_iqr,0.8048790322580643,0.007584591466046733,0.7887096774193548,0.8169758064516129,0.8056451612903226,0.0,1.0,True,100,159
212,3,v_stride_freq_hz_median|ap_spec_entropy_median|v_jerk_rms_iqr,0.7993629032258062,0.013684639221928172,0.7705040322580645,0.8197782258064517,0.8008064516129032,0.501010341125064,1.5899207228409353,True,100,160
213,2,ap_acf_step_stride_symmetry_median|v_jerk_rms_iqr,0.7964112903225806,0.009215213307223422,0.7757661290322581,0.8084879032258064,0.7979838709677419,0.21264252179745138,1.0193544854996408,True,100,161
214,4,ap_acf_step_stride_symmetry_median|v_stride_freq_hz_median|ap_spec_entropy_median|v_jerk_rms_iqr,0.7951854838709678,0.01713943930092001,0.7588306451612903,0.8246572580645161,0.7963709677419355,0.7517102615694164,2.3833144552341055,True,100,162
215,3,v_acf_step_stride_symmetry_median|ap_spec_entropy_median|v_jerk_rms_iqr,0.7938709677419356,0.01776598683763421,0.7580645161290323,0.8205846774193548,0.7943548387096774,0.30546613011401746,1.15328004920559,True,100,163
216,2,v_stride_freq_hz_median|v_jerk_rms_iqr,0.7916935483870969,0.012036888804966723,0.7643951612903226,0.8088709677419355,0.7923387096774194,0.501010341125064,1.1922381600956335,True,100,164
217,4,v_acf_step_stride_symmetry_median|ap_acf_step_stride_symmetry_median|ap_spec_entropy_median|v_jerk_rms_iqr,0.7825322580645162,0.01856988002066689,0.7457661290322581,0.8145161290322581,0.7834677419354839,0.7517102615694164,3.7694883862195416,True,100,165
218,3,ap_acf_step_stride_symmetry_median|v_stride_freq_hz_median|v_jerk_rms_iqr,0.7815806451612904,0.014082775177543938,0.7531854838709677,0.8033064516129031,0.7834677419354839,0.501010341125064,1.286221491042323,True,100,166
219,4,v_acf_step_stride_symmetry_median|v_stride_freq_hz_median|ap_spec_entropy_median|v_jerk_rms_iqr,0.7789999999999999,0.02036083073568196,0.7382862903225806,0.8137096774193548,0.7806451612903227,0.501010341125064,1.6305397883615989,True,100,167
220,2,v_acf_step_stride_symmetry_median|v_jerk_rms_iqr,0.7751451612903226,0.018977248456119856,0.7393951612903226,0.8072983870967742,0.7766129032258065,0.30546613011401746,1.0515931769094444,True,100,168
221,3,v_acf_step_stride_symmetry_median|ap_acf_step_stride_symmetry_median|v_jerk_rms_iqr,0.7726209677419357,0.02148195663927577,0.7253427419354839,0.8036491935483872,0.7758064516129033,0.30546613011401746,2.0313323309263476,True,100,169
222,3,v_acf_step_stride_symmetry_median|v_stride_freq_hz_median|v_jerk_rms_iqr,0.7643790322580647,0.021290796214505157,0.7265725806451613,0.8028427419354839,0.7649193548387097,0.501010341125064,1.2403249474192222,True,100,170
223,4,v_acf_step_stride_symmetry_median|ap_acf_step_stride_symmetry_median|v_stride_freq_hz_median|v_jerk_rms_iqr,0.7586370967741938,0.0245124778090028,0.7067943548387098,0.7940120967741936,0.7608870967741936,0.501010341125064,2.259229119255928,True,100,171
224,3,v_acf_step_stride_symmetry_iqr|ap_acf_step_stride_symmetry_iqr|ap_spec_entropy_median,0.7275725806451614,0.023268029564692753,0.6741532258064517,0.7633669354838709,0.7318548387096775,0.8581824279007377,10.758040269093527,False,100,
225,4,v_acf_step_stride_symmetry_iqr|ap_acf_step_stride_symmetry_iqr|ap_spec_entropy_median|ap_spec_entropy_iqr,0.7178709677419356,0.024514735602046273,0.6620564516129032,0.7544959677419355,0.722983870967742,0.8881623071763917,13.677359854767358,False,100,
226,4,v_acf_step_stride_symmetry_iqr|ap_acf_step_stride_symmetry_iqr|v_stride_freq_hz_iqr|ap_spec_entropy_median,0.7115725806451613,0.026183095525991983,0.6474596774193548,0.7512298387096774,0.7153225806451613,0.8581824279007377,15.12981614065755,False,100,
227,4,v_acf_step_stride_symmetry_iqr|ap_acf_step_stride_symmetry_median|ap_acf_step_stride_symmetry_iqr|ap_spec_entropy_median,0.7081693548387098,0.027821466158892288,0.6425806451612903,0.7484677419354838,0.7137096774193548,0.8581824279007377,11.37697502190331,False,100,
228,2,v_acf_step_stride_symmetry_iqr|ap_acf_step_stride_symmetry_iqr,0.7041935483870967,0.017830210796059648,0.6648185483870968,0.7286491935483871,0.7084677419354838,0.8581824279007377,9.920666945107609,False,100,
229,4,v_acf_step_stride_symmetry_median|v_acf_step_stride_symmetry_iqr|ap_acf_step_stride_symmetry_iqr|ap_spec_entropy_median,0.7038064516129032,0.029500514007045887,0.6341733870967742,0.7448185483870968,0.709274193548387,0.8581824279007377,10.821899552444108,False,100,
230,4,v_acf_step_stride_symmetry_iqr|ap_acf_step_stride_symmetry_iqr|v_stride_freq_hz_median|ap_spec_entropy_median,0.6975887096774193,0.024799486779136407,0.6435080645161291,0.7359072580645162,0.7,0.8581824279007377,12.89502564622601,False,100,
231,3,v_acf_step_stride_symmetry_iqr|ap_acf_step_stride_symmetry_median|ap_acf_step_stride_symmetry_iqr,0.6927258064516129,0.025458662687144487,0.6346774193548388,0.7363709677419354,0.6943548387096774,0.8581824279007377,11.07705755182551,False,100,
232,3,v_acf_step_stride_symmetry_iqr|ap_acf_step_stride_symmetry_iqr|ap_spec_entropy_iqr,0.691758064516129,0.0195559431126428,0.6572177419354839,0.7238508064516129,0.6931451612903226,0.8881623071763917,13.000199920498796,False,100,
233,3,v_acf_step_stride_symmetry_iqr|ap_acf_step_stride_symmetry_iqr|v_stride_freq_hz_iqr,0.6916048387096774,0.02448399970387355,0.6346370967741936,0.7286491935483872,0.6959677419354838,0.8581824279007377,12.106013619759295,False,100,
234,3,v_acf_step_stride_symmetry_iqr|ap_acf_step_stride_symmetry_iqr|v_stride_freq_hz_median,0.6821209677419354,0.022386064946365317,0.6245362903225806,0.7145564516129033,0.6870967741935483,0.8581824279007377,11.387901710092873,False,100,
235,1,v_acf_step_stride_symmetry_iqr,0.6817338709677417,0.010920233654273984,0.654375,0.6988104838709678,0.6842741935483871,0.0,1.0,True,100,172
236,4,v_acf_step_stride_symmetry_iqr|ap_acf_step_stride_symmetry_median|ap_acf_step_stride_symmetry_iqr|ap_spec_entropy_iqr,0.6817096774193547,0.02586490406882694,0.6302217741935484,0.7263508064516129,0.6858870967741936,0.8881623071763917,19.214166899474225,False,100,
237,4,v_acf_step_stride_symmetry_iqr|ap_acf_step_stride_symmetry_median|ap_acf_step_stride_symmetry_iqr|v_stride_freq_hz_iqr,0.679725806451613,0.027968035827971756,0.6140524193548387,0.7259677419354839,0.682258064516129,0.8581824279007377,14.126779260292587,False,100,
238,4,v_acf_step_stride_symmetry_iqr|ap_acf_step_stride_symmetry_iqr|v_stride_freq_hz_iqr|ap_spec_entropy_iqr,0.6783709677419354,0.02561055596917843,0.6252620967741935,0.7210483870967741,0.6818548387096774,0.8881623071763917,15.372768753792021,False,100,
239,4,v_acf_step_stride_symmetry_iqr|ap_acf_step_stride_symmetry_iqr|v_stride_freq_hz_median|ap_spec_entropy_iqr,0.6760322580645161,0.0239682350744153,0.6156653225806452,0.7141733870967741,0.6798387096774194,0.8881623071763917,13.588146096128693,False,100,
240,3,v_acf_step_stride_symmetry_median|v_acf_step_stride_symmetry_iqr|ap_acf_step_stride_symmetry_iqr,0.6743225806451614,0.02629834239503779,0.6212701612903226,0.714133064516129,0.677016129032258,0.8581824279007377,10.613266578898793,False,100,
241,2,v_acf_step_stride_symmetry_iqr|v_stride_freq_hz_iqr,0.67175,0.020950959208250134,0.6242540322580645,0.7069556451612902,0.6725806451612903,0.780311541215345,5.147541258710321,False,100,
242,4,v_acf_step_stride_symmetry_iqr|ap_acf_step_stride_symmetry_iqr|v_stride_freq_hz_median|v_stride_freq_hz_iqr,0.6692096774193547,0.026756398982943106,0.6002217741935484,0.7101008064516129,0.6709677419354838,0.8581824279007377,13.050395460728346,False,100,
243,4,v_acf_step_stride_symmetry_median|v_acf_step_stride_symmetry_iqr|ap_acf_step_stride_symmetry_median|ap_acf_step_stride_symmetry_iqr,0.6686129032258066,0.03022570543091066,0.6047782258064516,0.7202016129032258,0.6709677419354839,0.8581824279007377,11.232433592280964,False,100,
244,4,v_acf_step_stride_symmetry_iqr|ap_acf_step_stride_symmetry_median|ap_acf_step_stride_symmetry_iqr|v_stride_freq_hz_median,0.66775,0.028443741573328494,0.5998790322580645,0.7139516129032257,0.6717741935483872,0.8581824279007377,12.010079761337566,False,100,
245,2,v_acf_step_stride_symmetry_iqr|ap_spec_entropy_iqr,0.6654677419354839,0.020985398736550552,0.6212298387096773,0.7013104838709676,0.6661290322580645,0.7720657276995305,1.4473399626779333,True,100,173
246,2,v_acf_step_stride_symmetry_iqr|ap_spec_entropy_median,0.6647983870967742,0.019067382787035684,0.6180040322580644,0.6939717741935484,0.6681451612903225,0.5548960429242119,1.6022826622171646,True,100,174
247,2,v_acf_step_stride_symmetry_iqr|v_stride_freq_hz_median,0.6641370967741935,0.016261049402872305,0.6259475806451613,0.6851008064516129,0.6661290322580646,0.42647170048842353,1.1676118511439533,True,100,175
248,4,v_acf_step_stride_symmetry_median|v_acf_step_stride_symmetry_iqr|ap_acf_step_stride_symmetry_iqr|v_stride_freq_hz_iqr,0.663008064516129,0.03035171342867867,0.6002620967741935,0.7092943548387096,0.6681451612903226,0.8581824279007377,12.11663804214673,False,100,
249,4,v_acf_step_stride_symmetry_median|v_acf_step_stride_symmetry_iqr|ap_acf_step_stride_symmetry_iqr|ap_spec_entropy_iqr,0.6615080645161291,0.028018452391472798,0.6067137096774193,0.7045362903225807,0.6641129032258064,0.8881623071763917,13.93216596832169,False,100,
250,2,v_acf_step_stride_symmetry_iqr|ap_acf_step_stride_symmetry_median,0.6568951612903225,0.02263654319220901,0.6120564516129032,0.6959677419354838,0.6580645161290323,0.08859825620389,2.286975340059883,True,100,176
251,3,v_acf_step_stride_symmetry_iqr|v_stride_freq_hz_median|v_stride_freq_hz_iqr,0.6555887096774196,0.021863241577159086,0.5934677419354839,0.6879838709677418,0.657258064516129,0.780311541215345,6.791392992068736,False,100,
252,3,v_acf_step_stride_symmetry_iqr|v_stride_freq_hz_iqr|ap_spec_entropy_median,0.655491935483871,0.02433911216843342,0.5929233870967742,0.6907459677419355,0.657258064516129,0.780311541215345,6.992291948804954,False,100,
253,4,v_acf_step_stride_symmetry_median|v_acf_step_stride_symmetry_iqr|ap_acf_step_stride_symmetry_iqr|v_stride_freq_hz_median,0.6550967741935483,0.02769466749916867,0.5939314516129032,0.6964314516129032,0.657258064516129,0.8581824279007377,12.658805126031119,False,100,
254,2,v_acf_step_stride_symmetry_median|v_acf_step_stride_symmetry_iqr,0.6543467741935484,0.02241505141648059,0.6070967741935483,0.6838709677419355,0.6612903225806451,0.1295439302481556,1.8343381941303631,True,100,177
255,3,v_acf_step_stride_symmetry_iqr|v_stride_freq_hz_iqr|ap_spec_entropy_iqr,0.653282258064516,0.024651166563236963,0.5981451612903226,0.6907459677419355,0.6560483870967742,0.780311541215345,5.31844500951452,False,100,
256,1,v_stride_freq_hz_median,0.6476612903225805,0.013314656770956135,0.6168548387096774,0.6673790322580645,0.6504032258064516,0.0,1.0,True,100,178
257,3,v_acf_step_stride_symmetry_iqr|v_stride_freq_hz_median|ap_spec_entropy_median,0.6470806451612904,0.021596453036517374,0.597116935483871,0.6834879032258064,0.6508064516129032,0.5548960429242119,1.8746530990739128,True,100,179
258,3,v_acf_step_stride_symmetry_iqr|ap_acf_step_stride_symmetry_median|ap_spec_entropy_median,0.6462903225806452,0.023551823778289793,0.5951612903225806,0.6842943548387097,0.6475806451612904,0.7517102615694164,2.8217982086785125,True,100,180
259,3,v_acf_step_stride_symmetry_iqr|ap_acf_step_stride_symmetry_median|v_stride_freq_hz_iqr,0.6447822580645161,0.02787850264678279,0.5799798387096774,0.6891733870967742,0.6479838709677419,0.780311541215345,6.6516796207667355,False,100,
260,3,v_acf_step_stride_symmetry_median|v_acf_step_stride_symmetry_iqr|v_stride_freq_hz_iqr,0.6446854838709677,0.028187050383671048,0.5789516129032258,0.6867943548387097,0.6475806451612904,0.780311541215345,5.977656015207915,False,100,
261,3,v_acf_step_stride_symmetry_iqr|v_stride_freq_hz_median|ap_spec_entropy_iqr,0.6416209677419354,0.01958592329726271,0.6003427419354839,0.6717741935483871,0.6443548387096774,0.7720657276995305,1.7172584385248444,True,100,181
262,3,v_acf_step_stride_symmetry_median|v_acf_step_stride_symmetry_iqr|ap_spec_entropy_median,0.6405080645161292,0.025638365672640603,0.5834475806451613,0.6794556451612903,0.6435483870967742,0.5548960429242119,2.713345143690602,True,100,182
263,3,v_acf_step_stride_symmetry_iqr|ap_spec_entropy_median|ap_spec_entropy_iqr,0.6399919354838709,0.022779663099011492,0.5923185483870969,0.6826814516129032,0.6399193548387097,0.7720657276995305,1.891345043841155,True,100,183
264,4,v_acf_step_stride_symmetry_iqr|v_stride_freq_hz_median|v_stride_freq_hz_iqr|ap_spec_entropy_median,0.6393387096774193,0.02644999855996191,0.5712701612903225,0.6766532258064516,0.6435483870967742,0.780311541215345,7.802191235474163,False,100,
265,3,v_acf_step_stride_symmetry_median|v_acf_step_stride_symmetry_iqr|v_stride_freq_hz_median,0.6390725806451613,0.02234533134500698,0.5893548387096774,0.6721975806451613,0.6375000000000001,0.42647170048842353,2.2261900080493757,True,100,184
266,3,v_acf_step_stride_symmetry_median|v_acf_step_stride_symmetry_iqr|ap_spec_entropy_iqr,0.6372903225806451,0.027882429337762863,0.5869354838709677,0.6836088709677418,0.6411290322580645,0.7720657276995305,3.022621873415574,True,100,185
267,3,v_acf_step_stride_symmetry_iqr|ap_acf_step_stride_symmetry_median|v_stride_freq_hz_median,0.6370967741935484,0.024123391272699586,0.5840120967741935,0.6775806451612902,0.6411290322580645,0.42647170048842353,2.4308456407592205,True,100,186
268,4,v_acf_step_stride_symmetry_iqr|ap_acf_step_stride_symmetry_median|v_stride_freq_hz_iqr|ap_spec_entropy_median,0.634233870967742,0.02762472087912196,0.5692741935483872,0.6786491935483872,0.6375,0.780311541215345,7.483449863623548,False,100,
269,2,v_stride_freq_hz_median|ap_spec_entropy_iqr,0.6341370967741935,0.021608396633106736,0.5865927419354839,0.6645564516129032,0.6375,0.19458861326154714,1.0083901507105006,True,100,187
270,3,v_acf_step_stride_symmetry_iqr|ap_acf_step_stride_symmetry_median|ap_spec_entropy_iqr,0.6334516129032257,0.025441755499203623,0.5862096774193548,0.675,0.6362903225806451,0.7720657276995305,3.4305468513225055,True,100,188
271,4,v_acf_step_stride_symmetry_iqr|v_stride_freq_hz_median|v_stride_freq_hz_iqr|ap_spec_entropy_iqr,0.6332661290322581,0.023222438921268903,0.577983870967742,0.6694354838709676,0.6358870967741936,0.780311541215345,6.979139962505272,False,100,
272,4,v_acf_step_stride_symmetry_median|v_acf_step_stride_symmetry_iqr|v_stride_freq_hz_iqr|ap_spec_entropy_median,0.6319193548387098,0.029315797103373776,0.5652419354838709,0.6738104838709678,0.6350806451612904,0.780311541215345,8.330408990419574,False,100,
273,4,v_acf_step_stride_symmetry_median|v_acf_step_stride_symmetry_iqr|v_stride_freq_hz_median|v_stride_freq_hz_iqr,0.6315241935483872,0.02680930985503445,0.5653225806451613,0.6718145161290323,0.6322580645161291,0.780311541215345,8.358573795805693,False,100,
274,3,v_acf_step_stride_symmetry_median|v_acf_step_stride_symmetry_iqr|ap_acf_step_stride_symmetry_median,0.6313790322580646,0.02738437550885361,0.5701814516129032,0.6786895161290322,0.6366935483870968,0.23705566733735747,2.7230116845799643,True,100,189
275,4,v_acf_step_stride_symmetry_iqr|v_stride_freq_hz_iqr|ap_spec_entropy_median|ap_spec_entropy_iqr,0.6296935483870967,0.026317235503722322,0.5652822580645163,0.6681653225806452,0.6346774193548388,0.780311541215345,6.992586907625257,False,100,
276,4,v_acf_step_stride_symmetry_iqr|ap_acf_step_stride_symmetry_median|v_stride_freq_hz_median|ap_spec_entropy_median,0.6296854838709678,0.0253004354398457,0.5701209677419354,0.6725806451612905,0.6330645161290323,0.7517102615694164,2.9031102822994415,True,100,190
277,4,v_acf_step_stride_symmetry_iqr|ap_acf_step_stride_symmetry_median|v_stride_freq_hz_median|v_stride_freq_hz_iqr,0.6290564516129031,0.028405135999006275,0.5657056451612903,0.6725806451612903,0.6338709677419355,0.780311541215345,8.26294405676769,False,100,
278,4,v_acf_step_stride_symmetry_median|v_acf_step_stride_symmetry_iqr|v_stride_freq_hz_iqr|ap_spec_entropy_iqr,0.62625,0.03173520850465483,0.5657056451612903,0.6758467741935484,0.6298387096774194,0.780311541215345,6.480458333783839,False,100,
279,4,v_acf_step_stride_symmetry_median|v_acf_step_stride_symmetry_iqr|v_stride_freq_hz_median|ap_spec_entropy_median,0.6250080645161291,0.026205446183260355,0.5663911290322581,0.6617137096774194,0.6270161290322581,0.5548960429242119,2.8096243942055676,True,100,191
280,2,v_stride_freq_hz_median|ap_spec_entropy_median,0.6247096774193548,0.02028991877451542,0.5837903225806451,0.6536491935483871,0.629032258064516,0.4500658213828562,1.353342521512435,True,100,192
281,4,v_acf_step_stride_symmetry_iqr|ap_acf_step_stride_symmetry_median|v_stride_freq_hz_iqr|ap_spec_entropy_iqr,0.6232741935483871,0.02778492902408153,0.5676612903225807,0.6730443548387096,0.6233870967741936,0.780311541215345,7.165024627550217,False,100,
282,4,v_acf_step_stride_symmetry_median|v_acf_step_stride_symmetry_iqr|ap_acf_step_stride_symmetry_median|ap_spec_entropy_median,0.6228709677419355,0.028971443491682968,0.5608266129032259,0.6730040322580645,0.6241935483870967,0.7517102615694164,3.926658121309973,True,100,193
283,4,v_acf_step_stride_symmetry_iqr|ap_acf_step_stride_symmetry_median|ap_spec_entropy_median|ap_spec_entropy_iqr,0.6224677419354839,0.0245512334204719,0.578991935483871,0.6695564516129031,0.6237903225806452,0.7720657276995305,3.4836665859897424,True,100,194
284,4,v_acf_step_stride_symmetry_iqr|v_stride_freq_hz_median|ap_spec_entropy_median|ap_spec_entropy_iqr,0.6218709677419355,0.022024907331313393,0.5756451612903225,0.6560685483870967,0.6258064516129032,0.7720657276995305,2.013197140247242,True,100,195
285,4,v_acf_step_stride_symmetry_median|v_acf_step_stride_symmetry_iqr|ap_acf_step_stride_symmetry_median|v_stride_freq_hz_iqr,0.6213790322580646,0.032461984773560666,0.5508064516129032,0.673125,0.6245967741935484,0.780311541215345,6.861584922173612,False,100,
286,2,v_acf_step_stride_symmetry_median|v_stride_freq_hz_median,0.6184516129032258,0.025050343995313158,0.5455443548387097,0.6525,0.6233870967741937,0.05738385337650933,1.011150851742596,True,100,196
287,4,v_acf_step_stride_symmetry_median|v_acf_step_stride_symmetry_iqr|ap_spec_entropy_median|ap_spec_entropy_iqr,0.6184435483870968,0.028555113637800843,0.5685080645161291,0.6697782258064516,0.6193548387096774,0.7720657276995305,3.666119614887278,True,100,197
288,4,v_acf_step_stride_symmetry_median|v_acf_step_stride_symmetry_iqr|v_stride_freq_hz_median|ap_spec_entropy_iqr,0.6174274193548387,0.02485806601931841,0.5676612903225806,0.6584879032258065,0.6185483870967743,0.7720657276995305,3.9169917995254595,True,100,198
289,2,ap_acf_step_stride_symmetry_iqr|v_stride_freq_hz_median,0.6163306451612903,0.025737468641406754,0.5557459677419355,0.6509274193548387,0.6205645161290323,0.2994625521910297,1.0879571923819746,True,100,199
290,2,v_stride_freq_hz_median|v_stride_freq_hz_iqr,0.616225806451613,0.022880715788733144,0.5544354838709677,0.6509274193548388,0.6221774193548387,0.1603320343883975,1.0353070876138568,True,100,200
291,4,v_acf_step_stride_symmetry_median|v_acf_step_stride_symmetry_iqr|ap_acf_step_stride_symmetry_median|v_stride_freq_hz_median,0.6153709677419354,0.02793014633588328,0.5629032258064517,0.6633266129032258,0.6185483870967742,0.42647170048842353,2.8113926638537543,True,100,201
292,4,v_acf_step_stride_symmetry_iqr|ap_acf_step_stride_symmetry_median|v_stride_freq_hz_median|ap_spec_entropy_iqr,0.6137822580645161,0.0235727608006861,0.5592540322580645,0.6475806451612903,0.6173387096774193,0.7720657276995305,3.7344177051532332,True,100,202
293,2,ap_acf_step_stride_symmetry_median|v_stride_freq_hz_median,0.6113064516129033,0.021789418183695213,0.5644758064516129,0.6427822580645162,0.614516129032258,0.21375569228239755,1.099287328845016,True,100,203
294,3,v_stride_freq_hz_median|ap_spec_entropy_median|ap_spec_entropy_iqr,0.6111774193548387,0.021860466523761567,0.5691129032258064,0.6455846774193549,0.6133064516129032,0.4981556002682763,1.7632002312994344,True,100,204
295,1,ap_spec_entropy_median,0.6106774193548387,0.011169299698845099,0.5886693548387096,0.6290725806451614,0.6112903225806452,0.0,1.0,True,100,205
296,3,v_acf_step_stride_symmetry_median|v_stride_freq_hz_median|ap_spec_entropy_iqr,0.610258064516129,0.030007225398826356,0.5337903225806451,0.6536895161290321,0.6133064516129032,0.19458861326154714,1.0304686754948906,True,100,206
297,4,v_acf_step_stride_symmetry_median|v_acf_step_stride_symmetry_iqr|ap_acf_step_stride_symmetry_median|ap_spec_entropy_iqr,0.6096129032258064,0.029775275363754714,0.547258064516129,0.6612903225806451,0.6112903225806452,0.7720657276995305,4.145368931837697,True,100,207
298,3,ap_acf_step_stride_symmetry_iqr|v_stride_freq_hz_median|ap_spec_entropy_iqr,0.6092741935483871,0.028797679259571104,0.5491129032258064,0.6552620967741936,0.6120967741935484,0.8881623071763917,1.925608925625108,False,100,
299,3,ap_acf_step_stride_symmetry_median|v_stride_freq_hz_median|ap_spec_entropy_iqr,0.6080806451612903,0.024807031252165733,0.5536088709677419,0.6452016129032259,0.610483870967742,0.21375569228239755,1.162006821627448,True,100,208
300,3,v_stride_freq_hz_median|v_stride_freq_hz_iqr|ap_spec_entropy_median,0.6064758064516128,0.0272478620615342,0.5438508064516129,0.645625,0.6064516129032258,0.4500658213828562,1.663067161114284,True,100,209
301,3,ap_acf_step_stride_symmetry_median|v_stride_freq_hz_median|ap_spec_entropy_median,0.6058629032258065,0.0252692994588036,0.5564516129032258,0.6476209677419354,0.6100806451612903,0.7517102615694164,2.3491120637050487,True,100,210
302,3,v_acf_step_stride_symmetry_median|v_stride_freq_hz_median|ap_spec_entropy_median,0.6043225806451613,0.026731378219764127,0.5499596774193548,0.6452419354838709,0.605241935483871,0.4500658213828562,1.496885468232467,True,100,211
303,1,v_stride_freq_hz_iqr,0.6036693548387096,0.021832607825943352,0.549717741935484,0.6322983870967742,0.6076612903225806,0.0,1.0,True,100,212
304,3,v_stride_freq_hz_median|v_stride_freq_hz_iqr|ap_spec_entropy_iqr,0.6027741935483871,0.025495365543910496,0.5410887096774194,0.641633064516129,0.6056451612903226,0.6821878302070676,1.5077833910607692,True,100,213
305,4,ap_acf_step_stride_symmetry_iqr|v_stride_freq_hz_median|v_stride_freq_hz_iqr|ap_spec_entropy_median,0.6026854838709678,0.03043846859667082,0.5231854838709676,0.6435483870967742,0.6084677419354838,0.7741075471837211,9.84468328044929,False,100,
306,2,v_stride_freq_hz_iqr|ap_spec_entropy_median,0.6010725806451613,0.024607636657266,0.5318346774193548,0.6367137096774194,0.6044354838709677,0.33286943112377304,1.2668293905914785,True,100,214
307,3,ap_acf_step_stride_symmetry_iqr|v_stride_freq_hz_median|ap_spec_entropy_median,0.5999112903225807,0.02776574159293529,0.5305645161290322,0.6391733870967742,0.6068548387096773,0.6719315895372233,2.17259464582161,True,100,215
308,2,ap_spec_entropy_median|ap_spec_entropy_iqr,0.596741935483871,0.020208293206167512,0.5552217741935485,0.6290725806451613,0.5987903225806452,0.4981556002682763,1.2673880821723467,True,100,216
309,3,ap_acf_step_stride_symmetry_iqr|v_stride_freq_hz_median|v_stride_freq_hz_iqr,0.5961612903225807,0.02725597733115504,0.5236895161290323,0.6339112903225806,0.6020161290322581,0.7741075471837211,6.378997878487742,False,100,
310,4,ap_acf_step_stride_symmetry_median|ap_acf_step_stride_symmetry_iqr|v_stride_freq_hz_median|ap_spec_entropy_iqr,0.595532258064516,0.030297504068359484,0.5281048387096774,0.642399193548387,0.5975806451612904,0.8881623071763917,6.128463023463661,False,100,
311,3,ap_acf_step_stride_symmetry_iqr|v_stride_freq_hz_iqr|ap_spec_entropy_median,0.5941693548387097,0.027647654920570072,0.5343951612903226,0.6339516129032258,0.5995967741935484,0.7741075471837211,9.831870862078599,False,100,
312,4,ap_acf_step_stride_symmetry_median|v_stride_freq_hz_median|ap_spec_entropy_median|ap_spec_entropy_iqr,0.5936612903225807,0.025284156447353115,0.5447379032258065,0.6355241935483871,0.5955645161290322,0.7517102615694164,2.9395824968318647,True,100,217
313,4,ap_acf_step_stride_symmetry_iqr|v_stride_freq_hz_median|ap_spec_entropy_median|ap_spec_entropy_iqr,0.5933064516129032,0.0263661457303323,0.5371975806451613,0.6396370967741936,0.5955645161290323,0.8881623071763917,2.4134989673223277,False,100,
314,4,v_acf_step_stride_symmetry_median|v_stride_freq_hz_median|ap_spec_entropy_median|ap_spec_entropy_iqr,0.5931612903225806,0.029267196822494717,0.5418548387096774,0.642741935483871,0.5963709677419355,0.4981556002682763,1.914077879445033,True,100,218
315,2,ap_acf_step_stride_symmetry_median|ap_spec_entropy_median,0.5926532258064516,0.021084248777610035,0.5443548387096774,0.6209677419354839,0.5971774193548387,0.7517102615694164,1.8955534248126051,True,100,219
316,4,v_acf_step_stride_symmetry_median|ap_acf_step_stride_symmetry_iqr|v_stride_freq_hz_median|ap_spec_entropy_iqr,0.592024193548387,0.03526322416342592,0.5003427419354839,0.6428225806451613,0.5959677419354839,0.8881623071763917,4.349848382741444,False,100,
317,2,v_acf_step_stride_symmetry_median|ap_spec_entropy_median,0.5919838709677419,0.02357156939935796,0.5402822580645161,0.6226209677419354,0.5971774193548387,0.04725016767270288,1.1127979126715364,True,100,220
318,4,ap_acf_step_stride_symmetry_median|v_stride_freq_hz_median|v_stride_freq_hz_iqr|ap_spec_entropy_median,0.5898790322580645,0.030542172082772573,0.5245766129032258,0.6403629032258065,0.592741935483871,0.7517102615694164,2.6617002981444755,True,100,221
319,4,v_stride_freq_hz_median|v_stride_freq_hz_iqr|ap_spec_entropy_median|ap_spec_entropy_iqr,0.5893064516129032,0.02590797986082663,0.5276814516129033,0.628649193548387,0.5923387096774193,0.6821878302070676,1.8551965450431591,True,100,222
320,4,v_acf_step_stride_symmetry_median|ap_acf_step_stride_symmetry_median|v_stride_freq_hz_median|ap_spec_entropy_median,0.5887580645161291,0.03125241242961284,0.5322177419354839,0.63875,0.5891129032258065,0.7517102615694164,3.7313936061061375,True,100,223
321,3,v_acf_step_stride_symmetry_median|ap_acf_step_stride_symmetry_iqr|v_stride_freq_hz_median,0.5886693548387096,0.031889466065015436,0.507641129032258,0.6347580645161289,0.5911290322580645,0.2994625521910297,1.8678171275968651,True,100,224
322,3,v_acf_step_stride_symmetry_median|v_stride_freq_hz_median|v_stride_freq_hz_iqr,0.5886048387096774,0.03037616134167644,0.5124395161290324,0.6335685483870968,0.592741935483871,0.28404232133974994,1.6174670683855266,True,100,225
323,4,ap_acf_step_stride_symmetry_iqr|v_stride_freq_hz_median|v_stride_freq_hz_iqr|ap_spec_entropy_iqr,0.5883064516129032,0.03157190154644526,0.5163104838709678,0.6399798387096775,0.592741935483871,0.8881623071763917,7.8893695533933785,False,100,
324,2,ap_acf_step_stride_symmetry_iqr|ap_spec_entropy_median,0.5865645161290323,0.022813415301536685,0.5373588709677419,0.6197782258064516,0.5899193548387097,0.6719315895372233,1.7369050121367817,True,100,226
325,4,v_acf_step_stride_symmetry_median|ap_acf_step_stride_symmetry_median|v_stride_freq_hz_median|ap_spec_entropy_iqr,0.5851209677419356,0.033022144806713644,0.5204637096774194,0.6375604838709678,0.5891129032258065,0.23705566733735747,2.277534354579275,True,100,227
326,4,v_acf_step_stride_symmetry_median|v_stride_freq_hz_median|v_stride_freq_hz_iqr|ap_spec_entropy_median,0.5849435483870967,0.03283714810152378,0.5116330645161291,0.6412096774193548,0.584274193548387,0.4500658213828562,1.805971015375694,True,100,228
327,3,v_acf_step_stride_symmetry_median|ap_acf_step_stride_symmetry_median|v_stride_freq_hz_median,0.5847338709677419,0.029277694089062153,0.515625,0.628225806451613,0.5911290322580645,0.23705566733735747,2.1923608561380648,True,100,229
328,3,ap_acf_step_stride_symmetry_median|v_stride_freq_hz_median|v_stride_freq_hz_iqr,0.5845887096774194,0.03026984049809568,0.5143951612903226,0.6311088709677419,0.5887096774193549,0.21375569228239755,1.8836345609424257,True,100,230
329,3,ap_acf_step_stride_symmetry_median|v_stride_freq_hz_iqr|ap_spec_entropy_median,0.583241935483871,0.028219307542098563,0.5151209677419354,0.624616935483871,0.5874999999999999,0.7517102615694164,2.6536790201131444,True,100,231
330,3,ap_acf_step_stride_symmetry_median|ap_acf_step_stride_symmetry_iqr|v_stride_freq_hz_median,0.5803870967741935,0.02952740215648804,0.5166532258064516,0.6250806451612902,0.5874999999999999,0.2994625521910297,2.590076121314407,True,100,232
331,4,v_acf_step_stride_symmetry_median|ap_acf_step_stride_symmetry_iqr|v_stride_freq_hz_median|ap_spec_entropy_median,0.5801048387096774,0.03223159043161432,0.5135887096774193,0.6334879032258065,0.5838709677419355,0.6719315895372233,2.768891655581151,True,100,233
332,4,ap_acf_step_stride_symmetry_median|v_stride_freq_hz_median|v_stride_freq_hz_iqr|ap_spec_entropy_iqr,0.5783064516129032,0.028600593266391604,0.5069758064516129,0.6202016129032258,0.5806451612903225,0.6821878302070676,2.5498672215014735,True,100,234
333,4,ap_acf_step_stride_symmetry_iqr|v_stride_freq_hz_iqr|ap_spec_entropy_median|ap_spec_entropy_iqr,0.5777580645161291,0.03156288643391066,0.5129032258064516,0.6298790322580645,0.5794354838709678,0.8881623071763917,10.989947142228974,False,100,
334,3,v_acf_step_stride_symmetry_median|v_stride_freq_hz_iqr|ap_spec_entropy_median,0.5774516129032259,0.0321037200355059,0.4969959677419355,0.6274596774193548,0.5814516129032259,0.33286943112377304,1.8041376579768305,True,100,235
335,1,ap_acf_step_stride_symmetry_iqr,0.5773306451612903,0.021212539158506273,0.528024193548387,0.6125604838709677,0.5790322580645162,0.0,1.0,True,100,236
336,4,v_acf_step_stride_symmetry_median|v_stride_freq_hz_median|v_stride_freq_hz_iqr|ap_spec_entropy_iqr,0.5771774193548387,0.033310365593376946,0.4883064516129032,0.6302620967741935,0.5794354838709677,0.6821878302070676,2.540140560430689,True,100,237
337,3,ap_acf_step_stride_symmetry_median|ap_spec_entropy_median|ap_spec_entropy_iqr,0.5762983870967742,0.02485806601931841,0.5289112903225807,0.6177822580645161,0.5762096774193548,0.7517102615694164,2.279610403027779,True,100,238
338,3,v_stride_freq_hz_iqr|ap_spec_entropy_median|ap_spec_entropy_iqr,0.5759838709677418,0.02652564265785106,0.5160483870967741,0.6173588709677419,0.5810483870967742,0.6821878302070676,1.5864081753474175,True,100,239
339,3,v_acf_step_stride_symmetry_median|ap_spec_entropy_median|ap_spec_entropy_iqr,0.5759032258064515,0.030526661184337,0.5095564516129032,0.621774193548387,0.5790322580645162,0.4981556002682763,1.3806258446898443,True,100,240
340,3,ap_acf_step_stride_symmetry_iqr|ap_spec_entropy_median|ap_spec_entropy_iqr,0.5754596774193549,0.02678483395527919,0.5229637096774195,0.6225806451612903,0.5778225806451612,0.8881623071763917,2.41132129589713,False,100,
341,4,ap_acf_step_stride_symmetry_median|ap_acf_step_stride_symmetry_iqr|v_stride_freq_hz_median|ap_spec_entropy_median,0.5752903225806452,0.030706520520302583,0.5035685483870969,0.6210887096774194,0.5798387096774194,0.7517102615694164,2.97615518629635,True,100,241
342,1,ap_spec_entropy_iqr,0.5717580645161291,0.029272246752501792,0.5084475806451613,0.6145564516129033,0.575,0.0,1.0,True,100,242
343,3,v_acf_step_stride_symmetry_median|ap_acf_step_stride_symmetry_median|ap_spec_entropy_median,0.5706774193548387,0.030453888513920606,0.49826612903225814,0.6153629032258064,0.5758064516129032,0.7517102615694164,3.724042751066817,True,100,243
344,4,ap_acf_step_stride_symmetry_median|ap_acf_step_stride_symmetry_iqr|v_stride_freq_hz_iqr|ap_spec_entropy_median,0.5701209677419355,0.031133960605420098,0.5003024193548388,0.6169758064516129,0.5766129032258065,0.7741075471837211,11.015914013941021,False,100,
345,4,ap_acf_step_stride_symmetry_median|ap_acf_step_stride_symmetry_iqr|v_stride_freq_hz_median|v_stride_freq_hz_iqr,0.5688548387096773,0.031721834221785365,0.4995766129032258,0.6162096774193548,0.5725806451612903,0.7741075471837211,9.031482942743333,False,100,
346,4,v_acf_step_stride_symmetry_median|ap_acf_step_stride_symmetry_iqr|v_stride_freq_hz_median|v_stride_freq_hz_iqr,0.5686209677419355,0.03445688949741121,0.4781451612903226,0.6213911290322581,0.571774193548387,0.7741075471837211,7.019111613211875,False,100,
347,4,v_acf_step_stride_symmetry_median|ap_acf_step_stride_symmetry_iqr|v_stride_freq_hz_iqr|ap_spec_entropy_median,0.5677016129032257,0.03529906386510976,0.4977620967741936,0.6240120967741934,0.5705645161290323,0.7741075471837211,10.994059337071665,False,100,
348,2,v_stride_freq_hz_iqr|ap_spec_entropy_iqr,0.5674193548387098,0.03378707667134389,0.4955645161290322,0.624616935483871,0.5741935483870968,0.6821878302070676,1.4682012961025792,True,100,244
349,3,v_acf_step_stride_symmetry_median|ap_acf_step_stride_symmetry_iqr|ap_spec_entropy_median,0.5665080645161291,0.030383470258154476,0.5015322580645161,0.6089516129032257,0.5701612903225806,0.6719315895372233,2.7645821507661057,True,100,245
350,2,ap_acf_step_stride_symmetry_median|ap_spec_entropy_iqr,0.5646612903225807,0.03125316074157333,0.4880443548387097,0.6094556451612902,0.5697580645161291,0.09221998658618377,1.0655769240858954,True,100,246
351,4,v_acf_step_stride_symmetry_median|ap_acf_step_stride_symmetry_median|v_stride_freq_hz_median|v_stride_freq_hz_iqr,0.5619596774193549,0.035913754418614836,0.4801008064516129,0.6185483870967743,0.5661290322580645,0.28404232133974994,2.5887190017830104,True,100,247
352,2,ap_acf_step_stride_symmetry_iqr|v_stride_freq_hz_iqr,0.5617258064516129,0.03419130048495554,0.48991935483870974,0.6218951612903225,0.5693548387096774,0.7741075471837211,5.857008326861253,False,100,
353,3,ap_acf_step_stride_symmetry_median|ap_acf_step_stride_symmetry_iqr|ap_spec_entropy_median,0.5603064516129033,0.028609797851692455,0.4903225806451613,0.6060685483870968,0.5629032258064516,0.7517102615694164,2.9699210197170487,True,100,248
354,1,ap_acf_step_stride_symmetry_median,0.5599112903225807,0.017786052188312317,0.5209677419354838,0.5826814516129032,0.5637096774193548,0.0,1.0,True,100,249
355,4,v_acf_step_stride_symmetry_median|ap_acf_step_stride_symmetry_iqr|ap_spec_entropy_median|ap_spec_entropy_iqr,0.5598145161290323,0.035716942235949796,0.48443548387096774,0.613649193548387,0.5669354838709677,0.8881623071763917,4.994459572342655,False,100,
356,4,ap_acf_step_stride_symmetry_median|v_stride_freq_hz_iqr|ap_spec_entropy_median|ap_spec_entropy_iqr,0.5594032258064516,0.02818661338869719,0.4959677419354839,0.6008064516129032,0.5629032258064517,0.7517102615694164,3.35060777263535,True,100,250
357,4,v_acf_step_stride_symmetry_median|ap_acf_step_stride_symmetry_median|v_stride_freq_hz_iqr|ap_spec_entropy_median,0.5586532258064516,0.03338647401443171,0.4893951612903226,0.610524193548387,0.5661290322580645,0.7517102615694164,3.9817735116384707,True,100,251
358,4,v_acf_step_stride_symmetry_median|ap_acf_step_stride_symmetry_median|ap_acf_step_stride_symmetry_iqr|v_stride_freq_hz_median,0.5573467741935485,0.035951935086274894,0.48616935483870966,0.6141733870967742,0.5620967741935483,0.2994625521910297,3.191790692549937,True,100,252
359,2,ap_acf_step_stride_symmetry_median|v_stride_freq_hz_iqr,0.5554112903225806,0.03619022344923245,0.46754032258064515,0.6133266129032258,0.5580645161290323,0.009674877179045792,1.7733460743080047,True,100,253
360,4,v_acf_step_stride_symmetry_median|ap_acf_step_stride_symmetry_median|ap_spec_entropy_median|ap_spec_entropy_iqr,0.5543145161290323,0.03307680731421908,0.4806451612903226,0.6056854838709678,0.5588709677419355,0.7517102615694164,3.80481844805063,True,100,254
361,4,ap_acf_step_stride_symmetry_median|ap_acf_step_stride_symmetry_iqr|ap_spec_entropy_median|ap_spec_entropy_iqr,0.5542903225806451,0.02744973687160809,0.4963508064516129,0.5963911290322581,0.5580645161290323,0.8881623071763917,6.115888487960039,False,100,
362,2,ap_acf_step_stride_symmetry_iqr|ap_spec_entropy_iqr,0.5537338709677418,0.03511064697618224,0.4786088709677419,0.6122177419354838,0.5592741935483871,0.8881623071763917,1.7539138894906603,False,100,
363,4,v_acf_step_stride_symmetry_median|v_stride_freq_hz_iqr|ap_spec_entropy_median|ap_spec_entropy_iqr,0.5535161290322581,0.03415979509175281,0.4716129032258065,0.606149193548387,0.5629032258064516,0.6821878302070676,2.5313076772782135,True,100,255
364,2,v_acf_step_stride_symmetry_median|v_stride_freq_hz_iqr,0.5482903225806451,0.03723293046351431,0.45760080645161294,0.6036491935483871,0.5524193548387097,0.28404232133974994,1.5796064072259102,True,100,256
365,4,v_acf_step_stride_symmetry_median|ap_acf_step_stride_symmetry_median|ap_acf_step_stride_symmetry_iqr|ap_spec_entropy_median,0.5418387096774193,0.03490453184846452,0.46330645161290324,0.5944354838709677,0.5479838709677419,0.7517102615694164,4.114646968404371,True,100,257
366,3,ap_acf_step_stride_symmetry_iqr|v_stride_freq_hz_iqr|ap_spec_entropy_iqr,0.538766129032258,0.038774494819561175,0.4693548387096774,0.6025806451612903,0.5415322580645161,0.8881623071763917,7.072737660199692,False,100,
367,3,ap_acf_step_stride_symmetry_median|ap_acf_step_stride_symmetry_iqr|ap_spec_entropy_iqr,0.5384516129032259,0.03595978868418863,0.4523387096774194,0.5908669354838709,0.5455645161290323,0.8881623071763917,6.056609818645146,False,100,
368,3,ap_acf_step_stride_symmetry_median|v_stride_freq_hz_iqr|ap_spec_entropy_iqr,0.5384032258064517,0.035214173240840335,0.45336693548387097,0.589133064516129,0.5415322580645161,0.6821878302070676,2.5467446542615755,True,100,258
369,2,ap_acf_step_stride_symmetry_median|ap_acf_step_stride_symmetry_iqr,0.5353467741935485,0.03815156731273303,0.44887096774193547,0.5879435483870968,0.5455645161290322,0.2465124077800134,2.5453307487275008,True,100,259
370,2,v_acf_step_stride_symmetry_median|ap_acf_step_stride_symmetry_iqr,0.5345887096774194,0.039124577942061034,0.4498387096774194,0.5964314516129032,0.5370967741935484,0.2375922199865862,1.7159109312112162,True,100,260
371,3,v_acf_step_stride_symmetry_median|ap_acf_step_stride_symmetry_median|ap_spec_entropy_iqr,0.5338709677419355,0.03916990451631609,0.4436491935483871,0.5907862903225806,0.5395161290322581,0.23705566733735747,2.0562317021599252,True,100,261
372,2,v_acf_step_stride_symmetry_median|ap_spec_entropy_iqr,0.5297741935483871,0.03853255202094248,0.4415120967741935,0.5863306451612903,0.5338709677419355,0.13762575452716297,1.0215288039418386,True,100,262
373,3,ap_acf_step_stride_symmetry_median|ap_acf_step_stride_symmetry_iqr|v_stride_freq_hz_iqr,0.5257258064516129,0.03794393382570913,0.4418548387096774,0.5891733870967741,0.5326612903225807,0.7741075471837211,8.721172994900886,False,100,
374,3,v_acf_step_stride_symmetry_median|ap_acf_step_stride_symmetry_median|v_stride_freq_hz_iqr,0.5231048387096774,0.03899279661436732,0.4417338709677419,0.5883266129032259,0.527016129032258,0.28404232133974994,2.377964927462729,True,100,263
375,4,ap_acf_step_stride_symmetry_median|ap_acf_step_stride_symmetry_iqr|v_stride_freq_hz_iqr|ap_spec_entropy_iqr,0.523024193548387,0.03809492971648252,0.443125,0.5778427419354839,0.5290322580645161,0.8881623071763917,15.463568100835639,False,100,
376,2,v_acf_step_stride_symmetry_median|ap_acf_step_stride_symmetry_median,0.5210887096774194,0.03362440611950951,0.43939516129032263,0.5702419354838709,0.525,0.23705566733735747,1.9678036816036402,True,100,264
377,3,v_acf_step_stride_symmetry_median|v_stride_freq_hz_iqr|ap_spec_entropy_iqr,0.5207016129032258,0.03864089397087866,0.43721774193548385,0.5783064516129032,0.5221774193548387,0.6821878302070676,2.4945970086409983,True,100,265
378,3,v_acf_step_stride_symmetry_median|ap_acf_step_stride_symmetry_iqr|v_stride_freq_hz_iqr,0.5185241935483871,0.04295121352524739,0.4197983870967742,0.5839112903225806,0.5241935483870968,0.7741075471837211,6.382151302920208,False,100,
379,1,v_acf_step_stride_symmetry_median,0.5160725806451613,0.04878801741697997,0.41286290322580643,0.5796169354838709,0.5330645161290323,0.0,1.0,True,100,266
380,3,v_acf_step_stride_symmetry_median|ap_acf_step_stride_symmetry_median|ap_acf_step_stride_symmetry_iqr,0.5123629032258065,0.04448624673517198,0.42060483870967746,0.580766129032258,0.5165322580645162,0.2465124077800134,3.071234248736724,True,100,267
381,4,v_acf_step_stride_symmetry_median|ap_acf_step_stride_symmetry_median|v_stride_freq_hz_iqr|ap_spec_entropy_iqr,0.5103548387096776,0.041003651875113685,0.4125604838709678,0.567358870967742,0.5173387096774194,0.6821878302070676,2.8956917783411047,True,100,268
382,3,v_acf_step_stride_symmetry_median|ap_acf_step_stride_symmetry_iqr|ap_spec_entropy_iqr,0.5095403225806452,0.04393063462448704,0.4063306451612903,0.5826814516129032,0.5100806451612903,0.8881623071763917,3.8416897123097744,False,100,
383,4,v_acf_step_stride_symmetry_median|ap_acf_step_stride_symmetry_median|ap_acf_step_stride_symmetry_iqr|ap_spec_entropy_iqr,0.5093387096774193,0.043692991516337105,0.407258064516129,0.581491935483871,0.5129032258064516,0.8881623071763917,7.161464115674888,False,100,
384,4,v_acf_step_stride_symmetry_median|ap_acf_step_stride_symmetry_median|ap_acf_step_stride_symmetry_iqr|v_stride_freq_hz_iqr,0.49915322580645166,0.04406506174502754,0.4080241935483871,0.5638709677419355,0.5064516129032257,0.7741075471837211,8.72125108830271,False,100,
385,4,v_acf_step_stride_symmetry_median|ap_acf_step_stride_symmetry_iqr|v_stride_freq_hz_iqr|ap_spec_entropy_iqr,0.4966854838709678,0.04412011636682621,0.39526209677419355,0.5689717741935484,0.49838709677419357,0.8881623071763917,9.118105420274674,False,100,
