model,n_repeats,train_inner_oof_auc_mean,test_auc_mean,test_auc_std,auc_ci_lo,auc_ci_hi,sensitivity_mean,sensitivity_std,specificity_mean,specificity_std,recall_mean,precision_mean,accuracy_mean,f1_mean,threshold_median,tn_mean,fp_mean,fn_mean,tp_mean,gap,eligible_sensitivity_ge_0p80,eligible_auc_rank
GBM,100,0.8271523437499999,0.8567782258064516,0.019502321010197495,0.81125,0.8875201612903226,0.8405,0.042160707448111595,0.6864516129032258,0.07450809546800956,0.8405,0.7778631820282617,0.7732394366197183,0.806879085814983,0.4201056874223794,21.28,9.72,6.38,33.62,-0.02962588205645167,True,4.0
CNN1D,100,0.8484308333333334,0.8571854838709677,0.01711590461268214,0.8249596774193548,0.8831451612903225,0.81525,0.043358821175596696,0.7183870967741935,0.05705560606585453,0.81525,0.7902749541331271,0.7729577464788733,0.8015828756862508,0.4000529423356056,22.27,8.73,7.39,32.61,-0.008754650537634356,True,3.0
RF,100,0.8444703124999999,0.8577903225806451,0.01320378404775174,0.8321774193548387,0.8774193548387097,0.81325,0.037175362483203515,0.7038709677419355,0.05896267802257865,0.81325,0.7810463667713111,0.7654929577464789,0.7962349290264032,0.420867461785585,21.82,9.18,7.47,32.53,-0.013320010080645206,True,2.0
LR,100,0.8684501041666667,0.8734354838709677,0.007754568410372435,0.8527217741935483,0.8842943548387097,0.8109999999999999,0.027367679824747613,0.7458064516129032,0.03675984239760319,0.8109999999999999,0.8051508183764132,0.7825352112676056,0.8076975837718924,0.5194530351901812,23.12,7.88,7.56,32.44,-0.004985379704301018,True,1.0
Stacking,100,0.8236676041666666,0.8440967741935483,0.01640160686403578,0.8100201612903226,0.8723185483870968,0.80475,0.028800734768965924,0.7316129032258064,0.05344578691019581,0.80475,0.7958152445072078,0.7728169014084507,0.7997233634678688,0.48572018884681345,22.68,8.32,7.81,32.19,-0.020429170026881716,True,5.0
SVM,100,0.81852375,0.8390604838709678,0.014711299625119625,0.8104032258064516,0.8620967741935484,0.8015000000000001,0.030529833066538472,0.7083870967741936,0.04419674720200569,0.8015000000000001,0.7807978597241746,0.7608450704225352,0.7905569401374677,0.4732032729089215,21.96,9.04,7.94,32.06,-0.02053673387096777,True,6.0
LSTM,100,0.7706976041666667,0.7786935483870968,0.03181414573792184,0.7059677419354838,0.831108870967742,0.7995,0.07325236577004932,0.6067741935483871,0.11569149318216662,0.7995,0.7295918873844753,0.7153521126760564,0.7591674433047156,0.4104505777359009,18.81,12.19,8.02,31.98,-0.007995944220430151,False,
Voting,100,0.8614992708333333,0.8643629032258064,0.008970526811481142,0.8463104838709677,0.878225806451613,0.79425,0.02794633204460784,0.7403225806451613,0.03735407390867153,0.79425,0.7984029667670517,0.7707042253521127,0.7959614986510202,0.4775113630229434,22.95,8.05,8.23,31.77,-0.0028636323924731144,False,
XGB,100,0.4791874999999998,0.8377782258064517,0.011950716894740532,0.8137096774193548,0.8583568548387095,0.7567499999999999,0.039545236850672155,0.7438709677419355,0.04345324678473066,0.7567499999999999,0.7929342319415754,0.7511267605633803,0.7737793981591794,0.548099159194397,23.06,7.94,9.73,30.27,-0.35859072580645185,False,
